bedrooms,accommodates,beds,mapped_room_type,mapped_bathrooms,mapped_property_type,price
3,6,3,4,3,5,470.0
1,2,1,3,5,2,82.0
1,4,1,4,6,5,150.0
2,4,2,4,6,4,245.0
2,4,3,3,2,2,89.0
2,6,3,4,6,4,191.0
1,2,2,4,6,4,114.0
2,4,2,4,6,4,246.0
1,1,1,3,6,2,70.0
3,6,3,4,3,5,750.0
2,4,4,4,6,4,232.0
2,4,3,4,3,5,307.0
1,1,1,3,1,2,158.0
1,2,1,3,5,2,50.0
2,5,2,4,6,5,285.0
3,6,3,4,6,4,350.0
3,6,4,4,3,5,614.0
4,8,5,4,3,5,271.0
3,6,4,4,3,5,325.0
1,4,2,4,6,4,141.0
2,4,2,4,6,5,290.0
2,6,2,4,3,4,357.0
1,1,1,3,4,2,63.0
1,2,1,4,6,4,169.0
1,1,1,3,6,2,119.0
1,2,1,3,6,2,80.0
1,2,2,4,6,5,90.0
1,3,1,4,6,4,264.0
1,2,1,4,6,4,160.0
1,2,1,4,6,4,160.0
2,4,2,4,6,4,167.0
2,4,2,4,6,5,203.0
2,4,2,4,6,4,160.0
2,4,2,4,6,5,250.0
1,3,2,4,6,4,157.0
1,2,1,3,5,2,75.0
3,6,3,4,3,5,625.0
2,5,2,4,6,5,383.0
2,4,2,4,6,4,250.0
1,4,2,4,6,4,233.0
1,3,2,4,6,4,192.0
1,2,1,4,6,4,114.0
1,2,1,4,6,4,200.0
1,2,1,3,6,2,80.0
2,4,2,4,6,6,750.0
2,3,2,4,6,4,289.0
2,4,2,4,6,4,280.0
1,2,1,4,6,4,600.0
1,4,2,4,6,4,141.0
1,2,2,3,4,2,65.0
2,2,1,3,4,2,66.0
1,2,1,3,4,2,80.0
3,6,2,4,3,4,2746.0
1,2,1,4,6,4,135.0
1,2,1,4,6,4,88.0
2,4,2,4,6,4,100.0
4,6,4,4,6,5,450.0
1,2,2,4,6,4,264.0
2,5,4,4,6,5,115.0
1,8,6,4,6,5,200.0
1,4,4,4,6,4,215.0
1,3,1,4,6,4,107.0
3,6,3,4,6,5,189.0
1,2,2,4,6,4,276.0
2,6,3,4,6,5,235.0
2,4,2,4,6,5,635.0
2,2,2,4,3,4,250.0
4,8,4,4,3,5,1250.0
2,4,2,4,6,4,210.0
1,3,2,4,6,4,136.0
3,7,4,4,3,5,360.0
2,4,3,4,6,4,189.0
1,2,2,3,2,2,81.0
1,4,2,4,6,4,141.0
2,3,3,4,6,4,306.0
1,3,2,3,2,2,86.0
1,4,2,3,2,2,95.0
1,1,1,3,4,2,52.0
4,2,1,3,2,2,55.0
1,2,1,4,6,4,150.0
2,4,2,4,3,4,267.0
2,4,3,4,6,5,236.0
1,2,1,3,6,2,45.0
1,4,3,4,6,4,79.0
1,2,1,4,6,4,108.0
3,5,5,4,6,5,485.0
1,2,1,3,4,2,50.0
3,10,6,4,3,4,852.0
1,1,2,3,4,2,80.0
2,5,3,4,6,4,197.0
1,2,2,3,4,2,46.0
1,2,1,4,6,4,209.0
1,3,3,3,1,2,95.0
1,3,1,4,6,4,149.0
1,2,1,4,6,5,135.0
2,7,4,4,6,4,304.0
1,2,1,4,6,4,150.0
1,1,1,3,4,2,40.0
1,2,1,4,6,4,150.0
1,2,1,3,5,2,107.0
1,2,1,3,5,2,122.0
1,1,2,3,4,2,89.0
1,2,2,3,5,2,233.0
3,6,4,4,3,5,400.0
2,7,4,4,3,4,383.0
2,5,4,4,6,5,709.0
1,2,1,3,5,2,145.0
1,2,1,4,6,5,128.0
3,6,3,4,3,5,270.0
2,4,2,4,6,4,296.0
4,12,6,4,3,5,1050.0
2,4,3,4,3,5,300.0
1,2,1,4,6,4,110.0
1,2,2,3,5,3,134.0
2,4,3,4,6,5,220.0
2,3,3,4,6,4,146.0
1,2,1,4,6,5,176.0
1,2,2,4,6,4,236.0
1,2,2,4,6,4,155.0
1,5,4,4,6,5,91.0
1,2,1,4,6,4,190.0
1,3,1,4,6,5,293.0
1,2,1,3,4,2,96.0
2,5,3,4,6,5,200.0
1,2,2,3,2,3,79.0
2,4,2,4,3,4,428.0
2,4,2,4,6,4,250.0
3,6,4,4,3,5,750.0
1,2,1,3,4,2,50.0
1,2,1,4,6,4,115.0
1,2,1,4,6,4,180.0
1,2,1,4,6,5,90.0
2,4,2,4,3,5,212.0
1,2,1,3,5,2,80.0
1,2,1,3,4,2,174.0
3,6,3,4,3,5,400.0
3,6,3,4,3,5,664.0
2,4,2,4,6,4,550.0
1,2,1,4,6,4,190.0
1,1,1,3,4,2,75.0
1,2,1,4,6,6,116.0
3,4,2,4,3,4,399.0
1,2,1,3,4,2,140.0
1,2,1,4,6,4,404.0
2,2,2,4,6,4,200.0
2,4,2,4,6,4,180.0
1,2,1,3,5,2,230.0
1,2,1,4,6,5,105.0
2,4,3,4,6,4,380.0
3,6,4,4,6,5,643.0
3,4,3,4,3,5,990.0
3,7,5,4,6,5,650.0
2,4,2,4,3,4,298.0
1,2,2,4,6,4,150.0
1,2,2,4,6,5,290.0
2,6,3,4,3,4,360.0
3,4,2,3,4,2,150.0
1,2,1,4,6,4,105.0
2,4,2,4,6,4,167.0
1,2,1,4,6,4,297.0
3,6,3,4,3,5,421.0
1,4,1,4,6,5,232.0
1,2,1,3,4,2,85.0
1,2,1,4,6,4,99.0
4,10,7,4,3,5,264.0
1,2,1,4,6,4,200.0
1,2,2,4,6,4,143.0
1,2,1,4,6,5,150.0
1,2,1,3,5,2,150.0
1,2,1,4,6,4,140.0
5,10,5,4,3,5,2516.0
4,9,4,4,3,5,1000.0
2,5,3,4,6,4,138.0
1,2,2,4,6,5,197.0
2,4,2,4,6,4,328.0
2,4,3,4,6,4,199.0
3,7,5,4,6,5,500.0
3,6,3,4,6,4,100.0
1,2,1,4,6,5,168.0
1,2,1,4,6,5,130.0
5,12,5,4,3,5,979.0
1,3,2,4,6,5,96.0
2,5,3,4,6,4,351.0
3,6,6,4,3,5,950.0
3,5,3,4,6,5,184.0
1,3,1,4,6,5,309.0
1,1,1,3,4,2,40.0
2,6,4,4,6,5,557.0
4,7,5,4,3,5,1000.0
2,8,3,4,3,5,729.0
1,3,1,4,6,4,120.0
4,6,4,4,3,5,590.0
1,2,1,3,4,2,49.0
1,2,1,4,6,4,160.0
6,12,7,4,3,5,1229.0
1,3,1,4,6,4,156.0
2,5,2,4,3,4,250.0
1,3,2,3,4,2,55.0
1,2,1,4,6,4,164.0
2,4,2,4,6,4,504.0
2,4,2,4,6,5,260.0
2,4,2,4,6,4,309.0
2,4,2,4,3,4,229.0
3,6,4,4,6,5,329.0
3,6,4,4,3,5,578.0
1,4,2,4,6,4,117.0
5,8,8,4,3,5,857.0
2,4,4,3,5,2,160.0
1,2,1,4,6,5,131.0
1,2,1,4,6,4,192.0
4,8,4,4,3,5,1313.0
1,4,2,4,6,4,143.0
2,4,2,4,6,4,371.0
2,5,2,4,6,5,264.0
1,2,1,4,6,5,180.0
2,4,2,4,3,5,260.0
3,8,6,4,6,5,395.0
3,6,4,4,3,5,986.0
4,5,6,4,3,5,380.0
1,3,2,4,6,4,243.0
1,2,2,3,5,2,90.0
2,6,2,4,3,4,514.0
1,2,1,3,5,2,108.0
6,16,16,4,3,5,1289.0
1,3,2,4,6,4,113.0
2,3,2,4,3,5,195.0
2,4,3,4,6,4,399.0
1,2,1,3,4,2,65.0
3,6,3,4,6,4,1250.0
1,3,2,4,6,4,163.0
2,4,2,4,6,4,156.0
1,3,1,4,6,4,220.0
2,4,2,4,6,4,200.0
3,5,4,4,6,5,350.0
4,8,4,4,3,5,699.0
1,2,1,4,6,4,105.0
1,2,1,4,6,4,245.0
2,4,3,4,6,4,299.0
2,4,3,4,6,4,120.0
3,6,4,4,3,5,301.0
2,4,4,4,6,4,150.0
4,8,4,4,3,5,1150.0
1,2,2,4,6,4,257.0
1,2,1,4,6,5,121.0
2,3,3,4,3,5,138.0
3,7,4,4,6,5,454.0
1,2,1,4,6,4,212.0
2,4,3,4,6,4,360.0
3,6,4,4,3,5,450.0
1,3,2,4,6,4,130.0
1,2,1,3,4,2,59.0
2,4,4,4,6,5,155.0
1,2,1,4,6,4,85.0
1,2,1,4,6,4,99.0
1,2,1,4,6,4,284.0
3,6,3,4,6,4,350.0
1,3,2,4,6,4,163.0
1,2,1,3,3,2,62.0
1,2,2,3,5,2,90.0
1,2,1,4,6,4,162.0
4,15,12,4,3,5,400.0
2,4,3,4,6,4,280.0
1,2,2,3,5,2,304.0
1,4,2,4,6,4,141.0
2,4,2,4,3,4,300.0
5,13,9,4,3,5,900.0
2,6,2,4,6,4,220.0
2,4,2,4,3,4,325.0
2,6,2,4,3,4,480.0
1,4,1,4,6,4,270.0
1,2,1,4,6,5,99.0
1,2,1,4,6,4,149.0
5,8,7,4,3,5,400.0
2,4,2,4,6,4,100.0
1,4,2,2,5,3,241.0
2,5,3,4,3,4,180.0
4,9,6,4,3,5,373.0
4,8,4,4,3,5,299.0
2,4,2,4,3,5,610.0
1,2,1,4,6,4,110.0
1,2,1,4,6,5,75.0
2,4,3,4,3,4,600.0
1,2,1,3,6,2,85.0
1,3,1,4,6,5,120.0
1,2,1,4,6,4,73.0
3,6,3,4,6,5,450.0
1,2,1,3,4,2,87.0
1,2,1,3,4,2,50.0
1,2,1,4,6,6,134.0
2,4,2,4,6,5,400.0
1,4,2,4,6,5,98.0
2,4,3,4,3,4,350.0
2,3,2,4,6,4,191.0
1,2,1,4,6,4,110.0
3,7,4,4,6,4,770.0
5,11,7,4,3,4,995.0
1,2,1,4,6,4,155.0
1,2,1,4,6,4,280.0
3,6,3,4,3,5,349.0
4,7,4,4,3,5,600.0
1,2,1,4,6,4,185.0
1,2,1,4,6,4,151.0
2,4,3,4,6,4,145.0
3,8,6,4,6,4,375.0
2,4,2,4,6,4,380.0
1,2,2,4,6,4,66.0
1,2,1,3,4,2,77.0
1,2,1,4,6,4,128.0
3,6,3,4,3,5,986.0
1,2,2,4,6,4,120.0
1,2,1,4,6,4,80.0
1,2,1,4,6,4,250.0
3,6,3,4,3,5,549.0
2,5,2,4,3,4,135.0
1,2,1,3,4,2,80.0
2,3,2,4,6,4,190.0
1,1,1,3,4,2,55.0
6,12,8,4,3,5,367.0
1,2,1,4,6,4,91.0
1,2,1,1,4,1,30.0
4,8,4,4,3,5,500.0
2,5,3,4,6,5,88.0
5,10,7,4,3,5,599.0
1,2,1,4,6,4,149.0
2,4,2,4,6,4,160.0
1,2,1,4,6,5,124.0
1,2,1,4,6,5,93.0
1,2,2,4,6,4,95.0
1,2,1,4,6,4,121.0
1,2,2,4,6,4,155.0
1,3,2,4,6,4,136.0
1,2,1,4,6,4,97.0
2,4,2,4,3,4,195.0
2,4,3,4,3,4,350.0
3,6,3,4,3,4,950.0
1,2,1,3,4,2,43.0
3,8,5,4,3,4,1000.0
1,2,1,4,6,4,220.0
1,3,1,4,6,4,199.0
1,2,1,4,6,4,199.0
1,2,1,3,4,2,80.0
1,2,1,4,6,4,135.0
3,6,3,4,3,4,499.0
2,4,2,4,6,5,221.0
2,4,2,4,6,4,329.0
3,7,4,4,3,5,345.0
1,2,1,4,6,5,126.0
3,6,3,4,3,4,190.0
1,2,1,3,5,2,83.0
1,4,3,4,6,4,110.0
2,5,2,4,6,4,170.0
3,6,6,4,3,5,900.0
2,4,2,4,6,5,230.0
1,2,1,4,6,4,100.0
2,4,2,4,6,4,319.0
1,2,1,4,6,5,100.0
1,2,1,4,6,4,90.0
3,6,4,4,3,4,499.0
2,5,3,4,6,4,120.0
1,2,1,3,4,2,59.0
2,4,2,4,6,5,350.0
1,3,2,3,4,2,65.0
5,10,4,4,3,5,1000.0
2,4,2,4,6,4,400.0
1,4,2,4,6,4,170.0
1,3,2,4,6,5,91.0
1,2,1,4,6,4,120.0
3,5,3,4,6,4,550.0
4,8,6,4,3,5,700.0
2,4,4,4,6,4,370.0
2,4,2,4,3,4,228.0
2,4,2,4,6,4,346.0
4,8,2,4,3,5,1700.0
1,2,2,4,6,4,126.0
2,4,3,4,6,5,68.0
3,8,4,4,3,5,850.0
2,4,2,4,6,4,220.0
1,2,1,4,6,4,119.0
1,4,1,3,4,2,50.0
1,2,1,4,6,4,100.0
2,4,3,4,6,4,230.0
4,7,7,4,3,5,450.0
1,2,2,3,6,2,85.0
1,2,1,4,6,4,250.0
5,9,5,4,3,5,2100.0
1,2,1,4,6,4,120.0
4,8,7,4,3,5,1400.0
3,7,5,4,3,4,474.0
1,2,1,4,6,4,240.0
1,1,1,3,2,2,37.0
2,5,3,4,6,5,179.0
1,1,1,3,4,2,50.0
2,4,1,4,6,4,380.0
1,2,1,3,5,2,100.0
5,9,5,4,3,5,807.0
2,4,2,4,6,4,128.0
1,2,1,4,6,4,220.0
1,1,1,3,4,2,60.0
1,2,1,4,6,4,95.0
1,2,1,4,6,4,137.0
4,7,4,4,3,5,817.0
3,9,4,4,6,5,780.0
1,1,1,3,6,2,45.0
1,2,2,4,6,4,140.0
1,5,2,4,6,4,155.0
1,2,1,4,6,5,105.0
3,6,4,4,6,5,2000.0
1,4,1,4,6,4,110.0
1,2,1,3,4,2,80.0
1,2,1,4,6,5,308.0
1,2,1,4,6,5,146.0
2,3,2,4,3,4,200.0
2,4,2,4,3,4,250.0
1,4,2,4,6,4,148.0
1,4,2,4,6,4,149.0
1,1,1,3,4,2,64.0
2,4,2,4,6,4,110.0
1,3,2,4,6,4,344.0
1,5,2,4,6,4,156.0
1,2,1,3,4,2,97.0
3,6,3,4,3,5,750.0
1,1,2,3,4,2,85.0
1,4,1,4,6,4,195.0
2,4,2,4,6,4,491.0
2,4,3,4,6,4,205.0
1,2,1,4,6,4,111.0
1,1,1,4,4,2,105.0
4,6,2,4,3,5,445.0
4,8,4,4,3,5,1100.0
1,2,2,3,4,2,70.0
2,4,3,4,6,4,300.0
1,1,1,3,4,2,30.0
4,14,9,4,3,5,850.0
1,2,2,4,6,4,180.0
2,6,2,4,3,4,786.0
1,4,2,4,6,4,102.0
3,6,4,4,3,5,139.0
1,2,1,3,5,2,75.0
4,8,6,4,3,5,3500.0
5,11,7,4,3,5,1500.0
4,8,5,4,3,5,1350.0
4,8,5,4,3,5,902.0
1,2,2,4,6,5,65.0
1,2,1,4,6,4,102.0
1,2,1,3,4,2,85.0
1,2,1,4,6,4,162.0
1,2,2,3,4,2,50.0
2,4,2,4,3,5,175.0
2,3,3,4,6,4,150.0
1,2,1,3,5,2,159.0
1,2,1,4,6,4,220.0
2,4,2,4,6,5,195.0
4,7,4,4,3,5,600.0
1,2,1,4,6,6,95.0
4,9,5,4,3,5,2000.0
1,2,1,3,5,2,120.0
3,6,6,4,3,5,860.0
1,2,1,4,6,4,136.0
3,7,7,4,3,5,1090.0
2,6,4,4,3,4,364.0
1,2,1,4,6,4,340.0
1,2,2,4,6,4,109.0
2,4,3,4,6,4,435.0
1,2,1,4,6,5,89.0
1,2,1,4,6,5,130.0
3,5,3,4,3,4,500.0
1,1,1,3,4,2,45.0
2,4,3,4,3,4,400.0
3,7,3,4,6,5,264.0
5,8,4,4,3,5,950.0
1,4,2,4,6,4,200.0
2,5,3,4,6,4,468.0
1,2,1,3,4,2,70.0
2,6,4,4,3,4,119.0
4,12,7,4,3,5,3229.0
1,2,2,4,6,4,158.0
1,2,1,4,6,4,120.0
3,7,3,4,3,5,350.0
2,4,4,4,6,4,180.0
1,2,1,4,6,6,128.0
1,2,1,4,6,4,200.0
1,2,1,4,6,5,111.0
1,2,1,3,6,2,90.0
1,2,1,4,6,4,229.0
1,2,1,3,6,2,60.0
2,4,2,4,6,4,240.0
1,2,2,3,5,2,120.0
4,8,5,4,3,5,1299.0
1,2,1,3,6,2,110.0
2,5,3,4,6,5,151.0
1,2,1,4,6,5,226.0
2,6,3,4,6,4,191.0
1,2,1,4,6,4,140.0
1,2,1,4,6,4,229.0
2,4,2,4,6,4,294.0
2,5,4,4,3,4,399.0
2,4,2,4,6,4,424.0
3,8,5,4,3,5,603.0
1,2,1,4,6,4,80.0
3,7,4,4,3,5,600.0
3,5,3,4,6,4,403.0
4,8,7,4,3,5,1150.0
3,6,3,4,3,4,249.0
1,2,1,4,6,4,80.0
1,2,1,4,6,4,186.0
1,2,1,3,6,2,104.0
2,4,2,4,6,4,212.0
3,6,6,4,3,5,829.0
3,6,4,4,6,5,325.0
1,2,1,4,6,4,251.0
1,4,2,4,6,5,181.0
1,4,2,4,6,4,130.0
1,2,1,4,6,4,179.0
3,6,4,4,3,5,500.0
2,4,2,4,6,4,439.0
1,3,1,4,6,4,120.0
1,2,2,4,6,4,250.0
1,1,1,3,4,2,75.0
3,5,4,4,3,4,275.0
1,2,1,4,6,5,116.0
1,2,1,4,6,4,110.0
2,5,4,4,6,4,400.0
1,3,2,4,6,4,169.0
2,5,3,4,6,5,254.0
2,4,2,4,3,4,320.0
1,2,1,3,6,2,95.0
4,10,2,4,3,5,2250.0
1,2,1,4,6,4,229.0
1,4,1,4,6,4,156.0
1,4,2,4,6,4,219.0
5,10,6,4,3,5,1000.0
1,2,1,3,4,2,99.0
1,2,1,4,6,4,169.0
2,4,2,4,6,4,1200.0
3,5,2,4,6,4,148.0
4,7,7,4,3,5,695.0
1,1,1,4,6,4,70.0
1,2,1,4,6,4,99.0
1,2,1,4,6,4,125.0
4,8,4,4,3,5,793.0
1,1,1,4,6,4,64.0
5,8,5,4,3,5,900.0
1,2,2,4,6,5,153.0
1,2,1,4,6,5,145.0
3,6,2,4,6,4,350.0
1,2,1,3,5,2,60.0
1,2,1,4,6,4,140.0
2,4,2,4,3,4,150.0
2,4,2,3,5,2,268.0
1,1,1,3,4,2,75.0
1,4,3,4,6,4,150.0
3,6,3,4,6,5,350.0
1,2,1,4,6,5,150.0
3,6,4,4,3,5,850.0
2,4,2,4,3,4,220.0
1,2,1,4,6,4,124.0
1,2,1,3,5,2,165.0
2,4,2,4,3,4,400.0
1,1,1,3,4,2,74.0
2,4,2,4,3,4,400.0
1,3,1,4,6,4,144.0
1,4,2,3,4,2,50.0
1,2,2,4,6,4,160.0
4,10,7,4,3,5,943.0
1,2,1,4,6,4,150.0
1,2,1,3,6,2,125.0
2,4,2,4,3,4,430.0
1,2,2,4,6,4,90.0
1,2,1,4,6,4,170.0
2,4,3,4,6,4,195.0
1,4,2,4,6,4,145.0
2,4,2,3,5,2,85.0
2,4,3,4,3,5,475.0
3,8,4,4,6,4,466.0
3,6,3,4,3,5,1422.0
1,2,1,4,6,4,305.0
1,2,2,3,4,2,65.0
4,6,5,4,6,5,350.0
1,2,1,3,3,2,74.0
1,2,1,4,6,4,259.0
1,2,1,4,6,4,364.0
1,5,2,4,6,5,113.0
1,2,2,4,6,4,585.0
2,4,2,4,3,4,333.0
2,4,2,4,3,4,464.0
1,2,1,3,4,2,40.0
4,7,4,4,3,5,420.0
1,2,1,3,5,2,80.0
1,2,1,3,5,2,75.0
1,2,1,3,4,2,66.0
3,7,4,4,3,5,620.0
4,9,7,4,3,5,886.0
1,2,1,4,6,4,130.0
3,6,3,4,3,5,183.0
1,2,2,3,4,2,80.0
1,1,2,3,4,2,45.0
1,2,1,3,4,2,90.0
1,2,1,4,6,4,117.0
2,4,2,4,6,4,213.0
1,2,1,3,5,2,80.0
1,2,1,4,6,4,190.0
1,4,2,4,6,5,153.0
1,1,1,3,6,2,56.0
1,2,1,4,6,4,158.0
3,6,2,4,3,5,250.0
2,5,4,4,6,4,199.0
1,2,1,3,5,2,79.0
1,3,2,4,6,4,130.0
2,4,2,4,6,4,264.0
1,2,1,3,4,2,95.0
1,2,1,3,4,2,136.0
5,10,5,4,3,5,2100.0
3,6,4,4,3,5,2414.0
1,2,1,3,4,2,120.0
1,2,1,3,4,2,98.0
1,4,2,4,6,4,171.0
4,8,5,4,3,5,1100.0
1,2,1,3,5,2,99.0
3,6,4,4,3,5,2000.0
1,4,1,3,4,2,89.0
1,3,1,4,6,4,230.0
2,4,2,4,6,5,326.0
1,4,4,4,6,5,186.0
2,4,2,4,6,4,182.0
2,3,2,3,4,2,45.0
3,6,2,4,3,5,250.0
1,2,2,4,6,4,187.0
2,6,3,4,3,5,350.0
2,3,2,4,6,5,264.0
2,4,3,4,6,4,99.0
4,6,5,4,3,5,1300.0
1,2,1,4,6,4,115.0
1,4,2,3,5,2,155.0
1,2,2,3,5,2,60.0
4,8,5,4,3,5,600.0
2,5,2,4,6,4,220.0
1,4,4,4,6,5,98.0
4,8,5,4,6,5,640.0
4,6,4,4,3,5,500.0
2,4,2,4,6,4,157.0
3,5,4,4,3,5,1200.0
1,4,2,4,6,4,105.0
2,3,2,4,6,4,197.0
2,4,3,4,6,4,503.0
1,4,3,4,6,4,105.0
1,2,1,3,5,2,135.0
3,6,3,3,3,2,750.0
1,4,2,3,6,2,100.0
2,4,2,4,6,4,300.0
3,5,4,4,3,5,1000.0
1,4,3,4,6,5,100.0
1,2,1,3,5,2,85.0
1,4,2,4,6,4,105.0
1,4,1,4,6,4,175.0
2,4,2,4,3,5,150.0
1,2,1,3,5,2,55.0
1,1,1,3,5,2,60.0
1,2,1,4,6,2,95.0
1,2,2,3,4,2,92.0
1,2,1,4,6,4,153.0
2,4,5,4,3,4,395.0
1,2,1,4,6,5,104.0
2,5,2,4,6,5,244.0
1,2,1,3,6,2,120.0
2,4,3,4,3,4,340.0
1,3,2,4,6,4,177.0
1,3,2,3,4,2,115.0
3,8,5,4,6,5,500.0
2,4,2,4,6,4,210.0
1,2,1,3,5,2,86.0
1,2,2,4,6,4,169.0
1,2,1,4,6,4,121.0
3,6,3,4,3,5,650.0
2,5,3,4,6,4,279.0
2,4,2,4,3,4,200.0
1,2,1,4,6,5,98.0
2,4,2,4,6,4,210.0
2,4,2,3,4,2,49.0
1,2,1,4,6,4,140.0
1,1,2,3,4,2,24.0
2,4,2,4,6,4,198.0
2,4,2,4,6,5,253.0
5,12,5,4,3,5,550.0
1,2,1,3,5,2,65.0
1,2,1,4,6,5,167.0
4,8,5,4,3,5,1125.0
1,2,1,4,6,4,109.0
3,6,3,4,6,5,155.0
1,3,1,4,6,4,199.0
1,2,1,4,6,4,140.0
1,4,1,4,6,5,127.0
3,6,3,4,3,4,149.0
1,1,1,3,6,2,45.0
1,3,3,4,6,4,140.0
4,10,7,4,3,6,2695.0
2,2,2,4,6,5,1150.0
3,6,3,4,3,4,929.0
1,3,2,4,6,4,250.0
1,2,1,3,4,2,150.0
3,5,3,4,3,5,300.0
2,4,3,4,6,4,150.0
1,4,3,4,6,4,139.0
1,2,1,3,6,2,130.0
1,2,2,4,6,4,219.0
1,2,1,3,4,2,60.0
1,4,1,4,6,4,181.0
3,6,3,4,3,5,439.0
1,4,2,4,6,5,166.0
3,6,4,4,3,5,180.0
1,2,2,4,6,4,143.0
1,2,1,4,6,5,111.0
4,8,5,4,3,5,800.0
3,6,2,4,3,5,370.0
1,3,1,4,6,4,90.0
4,8,10,4,3,5,750.0
1,2,1,4,6,4,99.0
4,8,4,4,3,5,950.0
1,2,1,3,4,2,80.0
2,5,4,4,6,4,401.0
2,3,2,4,6,5,170.0
3,6,3,4,3,5,600.0
1,3,2,3,5,2,72.0
3,6,4,4,6,5,163.0
1,3,2,3,2,2,34.0
2,4,2,4,3,4,345.0
5,8,7,4,3,5,929.0
2,6,6,4,6,4,150.0
2,4,2,4,3,4,303.0
1,2,1,4,6,4,95.0
3,6,4,4,3,5,375.0
4,8,2,4,3,5,1370.0
1,2,1,3,5,2,145.0
1,3,2,4,6,5,145.0
1,2,1,4,6,4,110.0
1,4,2,4,6,4,175.0
2,6,2,4,6,4,268.0
1,2,1,3,5,2,125.0
2,4,2,4,6,5,280.0
1,2,1,3,4,2,78.0
5,7,5,4,3,5,920.0
1,2,1,4,6,5,95.0
1,2,1,4,6,4,260.0
1,2,1,4,6,4,99.0
4,8,8,4,3,5,750.0
4,7,7,4,3,5,450.0
2,3,2,4,6,4,295.0
1,3,2,4,6,4,167.0
5,11,9,4,3,5,690.0
2,4,3,4,6,5,125.0
1,2,1,4,6,4,75.0
1,2,1,4,6,5,146.0
5,10,7,4,3,5,1300.0
5,9,5,4,3,5,1950.0
1,2,1,3,4,2,120.0
3,6,2,4,3,5,950.0
1,3,1,4,6,4,133.0
1,2,1,3,3,2,90.0
1,2,1,3,3,2,90.0
1,2,2,4,6,4,77.0
1,2,1,4,3,4,131.0
1,1,1,3,6,2,60.0
1,2,1,3,5,2,73.0
2,4,2,4,6,5,238.0
1,1,2,1,4,1,58.0
1,2,1,3,4,2,120.0
1,2,1,3,5,2,230.0
1,2,1,4,6,4,130.0
1,4,1,4,6,4,1035.0
1,2,1,4,6,5,121.0
1,2,1,4,6,4,120.0
1,3,2,3,4,2,65.0
1,2,1,4,6,4,150.0
4,8,4,4,3,5,3100.0
4,6,3,4,3,5,750.0
1,1,1,3,4,2,66.0
5,10,5,4,3,5,1350.0
1,4,2,4,6,5,116.0
2,4,2,4,6,4,240.0
2,4,2,4,6,4,499.0
1,2,1,3,4,2,63.0
1,2,1,4,6,5,200.0
1,3,2,4,6,4,170.0
1,2,1,4,6,5,90.0
4,7,6,4,3,5,650.0
2,4,2,4,6,4,285.0
3,4,3,4,3,5,302.0
3,6,4,4,6,5,580.0
1,2,1,3,5,2,230.0
4,8,4,4,3,5,830.0
3,4,3,4,3,5,455.0
1,2,1,3,5,2,221.0
1,2,1,4,6,4,299.0
1,2,2,4,6,5,350.0
1,4,2,4,6,4,100.0
1,2,1,3,5,2,95.0
1,2,1,3,5,2,80.0
1,2,1,3,4,2,65.0
2,6,6,4,6,4,295.0
1,2,1,4,6,4,190.0
4,8,6,4,3,5,1400.0
5,10,6,4,3,5,1975.0
2,3,2,4,6,4,144.0
2,4,2,4,3,4,380.0
1,2,1,4,6,4,229.0
2,4,4,4,6,4,159.0
4,7,5,4,3,5,614.0
1,2,1,3,5,2,120.0
2,5,3,4,6,5,118.0
3,6,10,4,3,5,700.0
2,4,4,4,6,4,150.0
1,2,1,4,6,6,150.0
2,4,2,3,4,2,60.0
1,2,1,4,6,4,169.0
4,6,3,4,3,5,549.0
1,2,1,4,6,4,114.0
2,4,2,4,6,4,296.0
4,8,4,4,3,5,1000.0
4,7,4,4,3,5,895.0
1,2,1,4,6,5,150.0
3,8,7,4,6,5,114.0
1,2,1,3,4,2,88.0
1,4,3,3,6,2,168.0
1,2,1,4,6,4,95.0
2,4,2,4,3,4,420.0
1,2,1,4,6,5,229.0
1,4,2,4,6,4,180.0
3,6,3,4,3,5,590.0
2,4,4,4,6,4,325.0
7,14,9,4,3,5,1395.0
3,6,3,4,3,5,500.0
1,2,1,3,6,2,120.0
3,6,3,4,3,5,485.0
1,2,1,4,6,5,99.0
1,2,1,3,6,2,79.0
1,2,2,4,6,4,98.0
4,8,5,4,3,5,1000.0
1,2,1,3,6,2,51.0
1,4,1,4,6,5,119.0
4,7,4,4,3,5,376.0
1,2,1,3,6,2,140.0
1,2,1,4,6,5,390.0
5,10,5,4,3,5,1600.0
1,2,1,4,6,5,99.0
1,1,1,3,6,2,79.0
1,3,1,4,6,5,160.0
1,2,1,3,6,2,115.0
1,2,1,4,6,4,259.0
2,4,2,4,3,4,174.0
5,10,6,4,3,5,995.0
2,4,3,4,6,4,250.0
2,4,2,4,6,4,328.0
1,3,1,3,4,2,65.0
1,2,1,4,6,4,120.0
3,7,6,4,3,5,495.0
1,2,1,4,6,4,184.0
1,3,2,4,6,5,80.0
6,12,10,4,3,5,1500.0
1,4,2,4,6,4,104.0
1,2,1,4,6,4,110.0
1,1,2,3,4,2,115.0
1,2,1,4,6,5,150.0
2,4,4,4,6,4,300.0
1,3,2,4,6,5,44.0
1,2,1,3,5,2,500.0
2,4,3,4,3,4,149.0
2,6,6,4,6,4,210.0
1,3,1,4,6,4,175.0
2,4,2,4,6,4,325.0
2,7,4,4,6,5,188.0
2,4,3,4,6,4,149.0
2,6,6,4,6,4,255.0
3,6,5,4,3,5,700.0
1,1,1,3,3,2,71.0
1,2,1,4,6,5,300.0
2,4,3,4,3,4,636.0
2,4,2,4,6,4,264.0
1,4,2,4,6,4,188.0
3,6,3,4,3,4,450.0
1,2,1,3,5,2,49.0
1,4,1,3,4,2,60.0
1,4,2,4,6,4,221.0
3,6,5,4,3,5,360.0
1,3,2,4,6,4,140.0
1,2,2,4,6,4,137.0
1,2,1,3,4,2,60.0
3,6,3,4,3,5,450.0
1,2,1,4,6,4,150.0
2,4,3,4,6,4,124.0
1,4,2,4,6,4,80.0
1,2,2,3,4,2,80.0
1,2,2,4,4,2,60.0
2,4,3,4,6,4,295.0
4,7,6,4,3,5,350.0
1,2,1,4,6,5,79.0
1,2,1,4,6,5,89.0
1,2,1,4,6,4,164.0
1,3,2,4,6,5,177.0
1,2,1,4,6,4,98.0
3,6,4,4,3,4,900.0
3,6,7,4,3,5,472.0
1,2,1,3,6,2,112.0
3,6,4,4,6,5,496.0
2,4,2,4,3,4,239.0
1,4,2,4,6,4,280.0
2,4,2,4,6,4,400.0
1,3,2,3,4,2,45.0
1,2,1,4,6,4,200.0
1,2,1,4,6,4,250.0
1,2,1,4,6,4,102.0
1,1,1,4,6,5,93.0
1,2,1,4,6,5,143.0
1,3,2,4,6,5,75.0
1,2,1,4,6,4,147.0
2,4,2,4,3,4,465.0
3,6,3,4,6,4,300.0
3,6,4,4,3,5,1100.0
4,8,6,4,3,5,300.0
1,3,2,4,6,4,164.0
1,2,2,4,6,4,171.0
2,4,2,4,6,4,375.0
1,2,1,4,6,4,80.0
1,4,2,4,6,4,100.0
3,6,3,4,6,5,286.0
3,6,3,4,6,5,420.0
1,2,1,4,6,4,99.0
1,2,1,4,6,4,150.0
2,4,3,4,3,4,600.0
1,2,1,3,1,2,69.0
1,2,1,4,6,4,250.0
1,2,1,3,6,2,85.0
4,7,5,4,3,5,294.0
2,4,2,4,3,4,306.0
1,1,1,3,4,2,30.0
1,2,1,4,6,4,90.0
3,6,4,4,3,5,310.0
4,8,4,4,3,5,700.0
1,2,1,4,6,4,163.0
1,2,1,4,6,5,125.0
1,4,2,4,6,5,115.0
3,6,4,4,3,4,407.0
1,2,1,3,2,2,65.0
4,12,8,4,3,5,460.0
1,2,1,4,6,4,320.0
2,4,3,4,3,4,350.0
1,2,1,4,6,4,102.0
2,4,3,4,6,5,145.0
1,3,2,3,4,2,65.0
1,2,1,4,6,4,110.0
1,2,1,4,6,4,180.0
1,2,1,4,6,4,180.0
1,2,1,3,6,2,75.0
1,2,1,4,6,5,100.0
1,1,1,3,4,2,70.0
2,6,3,4,6,5,180.0
5,12,8,4,3,5,1500.0
3,6,3,4,3,4,240.0
1,3,1,4,6,5,232.0
1,2,1,3,5,2,95.0
2,4,3,4,6,4,237.0
3,6,3,4,3,5,390.0
1,2,1,4,6,4,125.0
1,2,1,4,6,4,85.0
3,6,4,4,6,5,550.0
2,4,3,4,6,4,214.0
3,6,3,4,3,5,819.0
1,2,1,3,6,2,80.0
2,4,3,4,6,5,300.0
3,8,5,4,3,5,850.0
1,2,1,4,6,4,86.0
2,5,4,4,6,4,207.0
1,2,1,4,6,4,800.0
2,3,2,3,2,2,130.0
3,6,3,4,3,4,290.0
1,2,1,4,6,4,225.0
1,2,1,3,4,2,69.0
1,2,1,3,5,2,78.0
2,4,2,4,6,6,796.0
2,4,2,4,3,5,140.0
2,4,3,4,6,5,174.0
1,2,3,4,6,6,130.0
2,4,3,4,3,4,180.0
1,2,1,3,6,2,40.0
1,2,1,4,6,4,179.0
1,2,1,4,6,4,107.0
4,8,5,4,3,5,950.0
3,6,5,4,3,4,860.0
1,2,1,4,6,5,68.0
2,4,4,4,6,4,550.0
3,5,3,4,6,5,475.0
1,2,1,4,6,5,129.0
1,4,2,4,6,4,106.0
1,1,1,3,4,2,95.0
2,4,2,4,6,4,308.0
3,6,2,4,3,4,395.0
1,2,2,3,2,2,69.0
1,2,1,3,4,2,70.0
1,3,1,4,6,4,206.0
2,4,3,4,6,4,330.0
1,3,1,4,6,4,100.0
2,3,2,4,3,4,200.0
1,2,1,4,6,5,153.0
1,1,2,3,4,2,45.0
1,1,1,3,4,2,86.0
4,10,6,4,3,5,1286.0
5,12,12,4,3,5,1121.0
2,4,2,4,3,4,315.0
1,1,8,1,2,1,29.0
1,2,1,4,6,5,159.0
1,4,2,4,6,5,160.0
1,2,1,3,2,2,69.0
4,10,5,4,3,4,750.0
2,5,3,4,3,5,276.0
4,8,4,4,3,5,249.0
4,8,4,4,3,5,1200.0
2,4,2,4,3,4,351.0
2,4,2,4,6,5,720.0
1,2,1,4,6,4,100.0
1,2,1,4,6,4,117.0
2,5,4,4,6,5,178.0
1,1,1,3,4,2,50.0
4,5,4,4,3,5,525.0
1,2,1,3,1,2,73.0
1,2,1,4,6,4,79.0
1,1,1,3,4,2,50.0
1,2,1,3,6,2,293.0
1,2,1,4,6,4,350.0
3,5,3,4,3,5,360.0
1,4,2,4,6,4,252.0
1,2,1,3,4,2,56.0
1,2,1,4,6,5,144.0
2,6,3,4,3,4,347.0
3,8,3,4,3,4,513.0
1,2,1,3,4,2,76.0
2,4,2,4,3,4,209.0
2,4,2,4,3,4,250.0
2,4,3,4,6,4,232.0
1,2,1,3,5,2,102.0
1,2,1,4,6,4,128.0
2,6,4,4,6,4,572.0
1,2,1,4,6,4,151.0
1,2,1,4,6,5,110.0
2,4,3,4,6,4,300.0
1,2,1,4,6,5,141.0
2,3,2,4,6,4,114.0
2,4,2,4,6,4,251.0
4,6,5,4,3,5,440.0
1,2,1,4,6,4,107.0
1,2,1,3,2,2,64.0
2,4,2,4,6,5,229.0
1,4,1,4,6,4,139.0
5,12,6,4,3,5,750.0
3,5,3,4,3,5,950.0
4,8,4,4,3,5,871.0
3,6,4,4,3,5,664.0
2,4,2,4,3,4,250.0
1,2,1,4,6,5,300.0
3,6,4,4,3,5,561.0
3,6,3,4,3,5,300.0
4,8,8,4,3,5,1000.0
2,3,2,4,6,4,195.0
1,2,1,3,6,2,59.0
3,6,3,4,3,4,164.0
1,2,1,3,4,2,59.0
2,4,2,4,6,5,80.0
2,4,2,4,3,4,149.0
1,2,1,3,6,2,90.0
2,4,3,4,6,4,169.0
1,2,1,4,6,5,95.0
1,3,2,3,4,2,45.0
1,2,1,3,4,2,50.0
2,4,5,4,6,4,150.0
1,1,1,3,4,2,30.0
3,7,5,4,6,5,950.0
2,4,2,4,6,6,486.0
2,4,2,4,6,5,186.0
3,4,3,4,3,5,300.0
6,12,7,4,3,5,900.0
2,4,2,4,6,4,400.0
1,2,1,4,6,4,236.0
3,8,5,4,3,5,726.0
1,2,1,3,6,2,69.0
1,2,1,4,6,5,50.0
3,6,3,4,3,5,621.0
1,3,1,4,6,4,160.0
2,4,2,4,3,4,273.0
2,5,3,4,6,5,171.0
1,2,1,3,4,2,100.0
4,8,4,4,3,5,715.0
1,2,1,3,5,2,105.0
1,5,1,4,6,4,239.0
2,5,4,4,6,4,575.0
1,4,1,4,6,4,179.0
1,2,1,3,5,2,77.0
2,4,3,4,6,4,242.0
2,3,2,4,3,4,120.0
1,2,2,3,4,4,85.0
2,5,6,4,6,4,255.0
4,10,4,4,3,5,229.0
1,1,1,3,4,2,68.0
3,8,4,4,3,5,161.0
3,6,4,4,3,5,500.0
1,2,1,4,6,5,210.0
2,4,3,4,3,4,265.0
1,2,1,4,6,3,78.0
1,2,1,3,5,2,81.0
2,4,2,4,6,4,400.0
1,2,1,4,6,4,149.0
3,6,4,4,6,5,215.0
1,4,4,4,6,4,249.0
3,6,4,4,6,5,650.0
1,2,2,4,6,4,65.0
2,4,2,4,6,4,300.0
1,4,2,4,6,4,150.0
1,2,1,4,6,4,85.0
1,2,1,3,2,2,90.0
2,4,2,4,6,5,49.0
1,3,1,4,6,4,230.0
4,6,4,4,3,5,1500.0
1,2,1,4,6,4,110.0
2,4,3,4,3,4,130.0
2,4,2,4,6,4,179.0
1,2,1,4,6,4,159.0
1,7,4,4,6,4,169.0
1,1,1,3,4,2,60.0
2,8,5,4,6,4,140.0
1,2,1,4,6,4,89.0
1,5,3,4,6,4,140.0
2,4,3,4,6,5,201.0
1,2,1,4,6,5,130.0
3,8,4,4,6,5,1200.0
3,6,3,4,3,5,1286.0
3,6,3,4,3,4,631.0
3,2,1,3,3,2,75.0
2,9,5,4,6,4,254.0
3,6,3,4,3,6,395.0
1,1,1,3,2,2,26.0
3,6,3,4,3,4,280.0
2,4,2,4,6,4,450.0
1,2,1,4,6,4,154.0
1,2,2,3,5,2,120.0
1,2,1,3,5,2,155.0
3,6,3,4,3,5,750.0
1,1,1,3,6,2,59.0
3,5,3,4,6,5,230.0
5,13,9,4,3,5,720.0
2,9,7,4,6,4,244.0
1,2,1,4,6,5,100.0
3,6,3,4,3,5,200.0
1,2,2,3,5,2,251.0
2,5,4,4,3,4,269.0
2,5,4,4,6,4,249.0
1,2,1,4,6,4,203.0
4,8,4,4,3,5,990.0
2,5,3,4,6,4,185.0
2,8,5,4,6,4,244.0
1,2,1,3,4,2,119.0
1,6,3,4,6,4,130.0
1,2,1,3,2,2,109.0
1,3,2,3,2,2,119.0
3,10,6,4,6,4,244.0
1,4,2,4,6,5,139.0
1,2,1,4,6,4,120.0
1,2,1,4,6,4,123.0
1,2,1,4,6,4,75.0
1,2,1,4,6,4,207.0
1,2,1,4,6,4,108.0
3,5,3,4,3,4,390.0
1,2,2,4,6,4,139.0
2,4,3,3,4,2,51.0
1,5,3,4,6,4,140.0
1,2,1,4,6,4,175.0
2,4,2,4,6,6,325.0
3,11,9,4,6,5,160.0
3,10,6,4,6,4,251.0
4,6,6,4,3,5,499.0
1,2,1,3,4,2,70.0
3,5,3,4,6,4,475.0
3,6,4,4,3,4,425.0
3,5,3,4,6,5,971.0
1,2,1,4,6,4,324.0
1,2,1,4,6,4,250.0
1,4,2,4,6,4,165.0
1,3,3,3,4,4,50.0
2,4,2,4,3,4,564.0
1,2,2,4,6,4,136.0
1,2,1,4,6,4,65.0
1,5,3,4,6,4,149.0
3,6,5,4,3,5,155.0
1,2,1,4,6,5,82.0
3,6,3,4,3,5,250.0
1,5,3,4,6,4,149.0
1,4,1,4,6,4,200.0
3,5,3,4,6,4,575.0
2,4,2,4,6,4,165.0
1,2,2,4,6,4,85.0
1,2,1,4,6,4,85.0
1,2,2,3,6,2,168.0
1,2,1,3,5,2,43.0
4,8,5,3,2,2,524.0
3,6,3,4,3,4,614.0
1,2,1,4,6,4,114.0
2,4,2,4,6,4,200.0
1,2,1,4,6,4,154.0
1,2,1,4,6,4,146.0
2,6,3,4,6,4,200.0
1,6,4,4,6,4,180.0
2,5,4,4,6,5,130.0
3,5,4,4,3,5,575.0
1,2,1,3,5,2,50.0
1,2,1,4,6,5,120.0
1,1,1,3,4,2,35.0
2,4,2,4,6,4,400.0
1,2,1,4,6,4,136.0
1,2,1,4,6,4,115.0
3,10,7,4,6,4,300.0
1,6,3,4,6,4,153.0
2,7,4,4,6,4,209.0
1,6,4,4,6,4,149.0
1,2,1,3,5,2,58.0
1,2,1,3,5,2,55.0
1,2,1,4,6,4,185.0
1,2,1,3,5,2,95.0
1,2,2,3,4,2,50.0
3,5,3,4,3,4,145.0
1,2,1,3,4,2,55.0
4,8,5,4,3,5,800.0
1,2,1,4,6,4,98.0
2,4,2,4,6,4,170.0
1,2,1,4,6,4,146.0
1,2,1,4,6,4,154.0
2,4,2,4,6,5,300.0
1,2,1,4,6,5,289.0
1,3,1,3,5,2,68.0
1,2,1,3,5,2,125.0
2,4,2,4,6,4,514.0
2,4,3,4,3,4,184.0
1,2,1,4,6,4,299.0
3,6,3,4,3,4,258.0
3,8,4,4,3,4,586.0
1,4,3,3,5,2,75.0
1,2,1,4,6,4,154.0
5,10,6,4,3,5,1353.0
1,4,2,4,6,4,153.0
4,5,4,4,3,5,550.0
1,2,1,4,6,5,170.0
2,6,3,4,6,4,214.0
2,4,2,4,6,5,180.0
1,2,1,4,6,4,185.0
1,5,1,4,6,4,222.0
1,2,1,4,6,4,91.0
1,2,1,4,6,4,200.0
2,4,3,4,6,5,280.0
4,8,4,4,3,4,990.0
1,2,1,4,6,5,121.0
2,5,3,4,3,4,234.0
2,4,2,4,6,4,350.0
1,1,1,4,6,4,65.0
1,2,1,4,6,5,122.0
1,2,1,4,6,4,118.0
1,2,1,3,5,2,95.0
1,2,1,4,6,4,110.0
2,5,4,4,6,5,120.0
2,4,3,4,6,4,150.0
1,3,1,3,5,2,100.0
1,5,1,4,6,4,155.0
1,2,1,4,6,5,130.0
3,6,3,4,3,5,495.0
1,2,3,4,6,4,150.0
3,6,4,4,3,4,450.0
1,3,1,4,6,4,414.0
1,2,1,3,6,4,30.0
2,6,7,4,6,4,265.0
2,2,2,3,2,2,54.0
1,2,1,4,6,4,103.0
1,1,1,3,4,2,80.0
1,2,1,3,5,2,100.0
2,8,5,4,3,4,239.0
1,1,2,3,4,2,65.0
2,4,2,4,6,4,269.0
3,8,6,4,3,5,500.0
2,4,2,4,3,4,200.0
1,6,3,4,6,4,169.0
1,4,3,4,6,5,204.0
1,2,1,4,6,5,149.0
1,2,1,4,6,4,200.0
1,2,1,4,6,4,120.0
1,2,1,4,6,4,123.0
2,11,7,4,6,4,234.0
2,8,4,4,3,4,400.0
2,4,3,4,6,4,165.0
1,2,1,4,6,4,159.0
1,1,1,3,4,2,178.0
1,2,1,4,6,4,120.0
1,2,1,3,4,2,65.0
1,2,1,4,6,4,215.0
1,1,1,3,4,2,100.0
1,2,1,3,4,2,200.0
1,1,1,3,4,2,36.0
4,8,2,4,3,5,800.0
1,4,1,4,6,4,95.0
1,2,1,3,5,2,80.0
1,2,1,3,4,2,100.0
1,2,2,3,4,2,88.0
4,8,5,4,3,5,508.0
1,2,1,4,6,4,340.0
1,2,1,4,6,4,120.0
1,2,1,4,6,4,143.0
1,2,1,4,6,4,154.0
1,2,1,4,6,4,167.0
1,3,1,4,6,4,150.0
3,8,4,4,6,5,280.0
3,6,3,4,6,5,399.0
4,7,5,4,6,5,545.0
1,3,1,4,6,4,170.0
1,2,2,4,6,4,166.0
2,4,3,4,3,4,193.0
1,2,1,4,6,5,325.0
2,4,3,4,3,4,222.0
2,4,3,4,6,4,185.0
4,6,5,4,3,5,1400.0
5,11,6,4,3,5,1800.0
3,1,1,3,2,2,34.0
1,2,1,4,6,4,306.0
1,1,1,3,2,2,32.0
1,6,4,4,6,4,191.0
1,4,1,4,6,4,185.0
3,5,2,4,3,5,279.0
1,4,2,4,6,4,162.0
1,2,1,4,6,4,139.0
1,3,1,4,6,4,143.0
1,2,1,4,6,4,109.0
1,2,1,4,6,4,143.0
1,2,1,4,6,4,124.0
1,2,1,4,6,4,188.0
1,2,1,4,6,4,139.0
1,2,1,4,6,4,154.0
2,4,2,4,6,4,215.0
2,4,3,4,6,4,245.0
6,16,16,4,3,5,400.0
4,6,4,4,3,5,530.0
3,6,4,4,3,4,299.0
2,4,3,4,3,4,215.0
2,4,3,4,3,4,230.0
1,2,1,4,6,4,127.0
2,4,3,4,6,4,156.0
2,4,3,4,6,4,185.0
2,4,2,4,6,4,215.0
1,2,1,4,6,4,169.0
3,4,3,4,3,5,450.0
2,4,3,4,6,5,215.0
2,4,3,4,6,4,165.0
1,2,1,4,6,4,379.0
1,2,1,4,6,4,135.0
1,6,4,4,6,4,180.0
1,2,1,4,6,4,146.0
2,7,4,4,6,4,209.0
3,6,3,4,3,4,686.0
2,4,3,4,6,4,245.0
2,4,2,4,6,4,215.0
1,1,1,3,6,2,85.0
1,2,1,4,6,4,203.0
1,7,5,4,6,4,206.0
3,10,6,4,6,4,244.0
1,3,1,4,6,5,150.0
1,2,1,4,6,6,120.0
1,2,1,3,5,2,112.0
2,2,2,3,5,2,75.0
6,9,8,4,3,5,721.0
2,4,2,4,6,5,125.0
6,11,9,4,3,5,1414.0
1,2,1,3,6,2,65.0
1,3,1,4,6,4,158.0
1,1,1,1,4,1,200.0
1,2,1,4,6,4,105.0
1,2,1,3,2,2,53.0
1,2,1,4,6,4,134.0
1,1,1,3,4,2,55.0
3,6,4,4,3,4,369.0
1,2,1,3,4,3,105.0
2,3,3,3,5,2,70.0
3,7,5,4,6,5,139.0
1,2,1,4,6,4,75.0
2,3,2,4,6,4,230.0
3,6,3,4,3,4,727.0
5,9,5,4,3,5,1800.0
1,6,4,4,6,4,153.0
2,4,2,4,6,5,204.0
1,2,1,3,6,2,80.0
2,4,2,4,6,4,400.0
1,2,1,3,6,2,70.0
1,1,1,3,4,2,33.0
1,6,3,4,6,4,131.0
1,3,2,4,6,4,201.0
1,6,3,4,6,4,171.0
3,5,3,4,3,4,450.0
1,7,2,4,6,4,146.0
4,10,7,4,3,5,270.0
4,8,4,4,3,5,250.0
1,2,1,3,6,2,70.0
1,3,2,4,6,4,277.0
1,1,1,3,6,2,57.0
1,3,2,4,6,4,109.0
2,7,3,4,6,4,416.0
1,2,1,4,6,4,99.0
1,2,1,4,6,4,175.0
2,3,2,4,6,4,195.0
2,8,6,4,6,5,182.0
1,2,1,4,6,4,159.0
3,6,3,4,3,5,450.0
1,4,2,4,6,4,123.0
2,3,1,4,3,4,149.0
6,16,17,4,3,5,2927.0
2,4,2,4,6,4,180.0
2,6,2,4,6,4,236.0
1,2,1,3,6,2,55.0
1,1,1,3,6,2,58.0
2,4,3,4,6,4,200.0
2,4,2,4,6,4,56.0
3,6,3,4,3,4,595.0
2,4,3,4,6,5,181.0
1,2,3,4,6,4,200.0
1,3,2,4,6,3,575.0
4,8,5,4,3,5,1316.0
2,4,2,4,3,4,500.0
1,3,2,3,4,2,49.0
2,4,4,3,6,2,90.0
2,4,2,4,6,4,163.0
3,6,3,4,6,5,314.0
1,2,1,4,6,4,250.0
1,2,1,4,6,4,119.0
1,2,1,4,6,5,106.0
4,8,6,4,3,5,1200.0
2,2,1,4,6,4,230.0
2,5,3,4,6,4,300.0
3,7,4,4,3,4,347.0
1,3,1,4,6,5,99.0
3,6,3,4,3,5,500.0
1,2,1,4,6,4,230.0
2,4,3,4,3,4,400.0
1,2,1,3,5,2,115.0
1,1,1,3,4,2,80.0
1,2,1,4,6,4,96.0
1,2,1,3,5,2,50.0
1,2,1,3,4,2,40.0
2,4,2,4,6,4,170.0
1,3,1,4,6,4,120.0
3,6,4,4,3,5,325.0
4,8,6,4,3,6,800.0
2,3,3,4,3,5,320.0
2,4,2,4,6,4,270.0
2,4,2,4,6,4,200.0
1,7,4,4,6,5,80.0
1,1,1,3,4,2,30.0
2,5,3,4,6,4,293.0
4,7,4,4,3,4,500.0
2,4,2,4,6,4,431.0
1,4,1,4,6,4,120.0
2,4,2,4,3,4,156.0
1,2,1,4,6,4,211.0
3,6,3,4,6,5,700.0
1,2,1,3,4,2,140.0
2,4,2,4,6,5,221.0
3,8,3,4,3,5,2100.0
2,5,2,4,6,4,206.0
1,2,1,3,4,2,45.0
1,3,1,4,6,5,86.0
1,2,1,3,4,2,46.0
1,3,1,4,6,4,239.0
1,2,1,4,6,4,175.0
2,3,2,4,6,4,217.0
4,6,4,4,3,5,180.0
1,3,2,4,6,4,144.0
1,2,1,4,6,4,160.0
4,8,7,4,3,5,1425.0
1,2,1,4,6,4,120.0
1,6,4,4,6,5,136.0
2,4,3,4,3,4,524.0
1,2,1,4,6,4,175.0
4,10,2,4,3,5,1390.0
4,8,6,4,3,5,650.0
3,5,3,4,6,5,250.0
2,4,2,4,3,4,475.0
1,2,1,4,6,4,379.0
1,2,1,4,6,4,131.0
4,8,5,4,3,5,511.0
2,4,3,4,6,4,274.0
1,2,1,3,5,3,130.0
1,1,1,3,4,2,70.0
4,8,4,4,3,5,2000.0
1,2,1,3,4,3,105.0
1,2,1,4,6,5,108.0
3,5,3,4,3,5,500.0
1,1,2,3,4,2,67.0
1,2,1,4,6,4,126.0
1,1,2,3,4,2,100.0
1,2,2,4,6,4,84.0
1,4,2,4,6,5,159.0
1,6,3,4,6,4,134.0
2,4,2,4,6,5,178.0
1,2,1,4,6,4,136.0
1,2,2,3,4,2,97.0
2,4,3,4,6,4,208.0
3,8,5,4,6,5,390.0
1,2,2,4,6,4,160.0
1,4,2,4,6,5,135.0
1,1,2,4,6,5,100.0
2,4,3,4,6,5,350.0
3,6,4,4,3,5,312.0
4,8,6,4,3,5,550.0
3,4,5,4,3,4,162.0
3,6,3,4,3,4,1446.0
1,2,1,4,6,4,150.0
4,8,6,4,3,5,966.0
2,3,2,4,6,4,477.0
3,5,3,4,3,5,250.0
3,7,6,4,3,4,345.0
1,2,1,4,6,5,184.0
3,4,4,4,3,5,265.0
1,1,2,3,4,2,85.0
1,2,1,4,6,4,130.0
4,8,4,4,3,5,643.0
1,6,3,4,6,4,171.0
3,7,4,4,6,4,800.0
2,5,5,4,6,5,210.0
5,10,6,4,3,5,1100.0
1,3,1,4,6,5,93.0
4,9,6,4,3,5,413.0
1,2,2,3,4,2,95.0
3,6,3,3,3,2,1357.0
2,4,2,4,6,4,330.0
3,6,3,4,6,4,315.0
2,4,2,4,6,4,235.0
1,2,1,3,2,2,80.0
1,3,3,4,6,4,192.0
3,6,6,4,3,5,671.0
1,1,1,3,5,2,42.0
1,2,1,4,6,5,130.0
1,2,1,4,6,5,140.0
1,4,2,4,6,4,105.0
1,1,1,3,4,2,50.0
1,2,1,4,6,4,109.0
1,1,1,3,4,2,50.0
1,3,1,4,6,4,104.0
2,5,4,4,3,4,280.0
2,4,2,4,6,4,546.0
1,2,2,3,6,2,85.0
1,2,2,4,6,4,131.0
3,6,4,4,6,5,800.0
2,5,4,4,6,5,199.0
3,5,3,4,6,4,245.0
3,6,4,4,6,5,310.0
2,5,2,4,3,4,247.0
1,2,1,4,6,4,177.0
1,2,1,4,6,4,160.0
1,2,1,4,6,4,160.0
1,2,1,4,6,4,140.0
1,1,1,3,4,2,35.0
1,4,2,4,6,4,116.0
1,2,1,4,6,4,140.0
1,2,1,4,6,4,183.0
3,6,3,4,3,5,420.0
2,4,2,4,6,5,79.0
1,3,2,4,6,4,110.0
1,4,2,4,6,4,197.0
1,2,1,4,6,4,240.0
1,2,1,4,6,4,85.0
1,1,1,3,2,2,42.0
1,2,1,4,6,5,140.0
3,6,3,4,3,5,300.0
3,6,4,4,3,5,534.0
1,2,1,4,6,4,239.0
1,2,1,4,6,5,180.0
4,16,13,4,3,5,320.0
1,2,2,4,6,5,99.0
1,4,2,4,6,4,132.0
1,3,2,4,6,4,119.0
1,2,1,4,6,4,199.0
1,2,1,4,6,4,130.0
1,4,1,4,6,4,179.0
1,2,1,4,6,5,146.0
1,2,1,3,5,3,100.0
1,2,1,4,6,4,109.0
2,4,2,4,6,5,110.0
3,6,3,4,3,5,490.0
1,2,1,4,6,4,107.0
1,2,1,4,6,5,180.0
2,4,3,4,3,4,167.0
1,2,1,4,6,5,95.0
1,2,1,3,5,2,150.0
1,1,1,4,6,4,120.0
3,6,4,4,3,5,460.0
1,2,1,3,5,2,53.0
3,5,5,4,3,4,1425.0
1,2,1,4,6,5,150.0
1,2,1,4,6,4,111.0
3,2,1,3,2,2,55.0
4,9,7,4,3,5,700.0
1,2,1,4,6,4,180.0
1,1,2,4,6,4,45.0
1,1,1,1,4,1,31.0
2,4,2,4,6,4,170.0
1,2,1,4,4,2,88.0
2,4,2,4,3,5,500.0
1,2,1,4,6,4,210.0
1,2,1,4,6,6,176.0
1,2,1,3,4,2,85.0
1,1,1,3,4,2,50.0
2,4,2,4,6,4,426.0
4,10,5,4,3,5,650.0
2,4,3,4,6,5,200.0
1,2,1,3,5,2,101.0
3,8,3,4,3,5,1000.0
1,2,1,4,6,4,150.0
1,1,1,4,6,5,59.0
1,2,1,3,4,2,93.0
1,2,2,4,6,5,90.0
1,2,1,4,6,5,120.0
2,4,2,3,5,2,270.0
1,3,2,4,6,4,229.0
2,3,2,3,5,2,105.0
1,2,1,3,5,2,110.0
3,6,3,4,3,4,360.0
2,2,2,3,2,2,99.0
2,6,3,4,6,5,150.0
1,4,2,4,6,4,123.0
2,4,2,4,6,4,241.0
2,5,2,4,6,4,149.0
1,2,1,3,5,2,52.0
2,4,2,4,3,4,148.0
3,8,4,4,3,4,505.0
1,2,2,3,4,2,79.0
4,6,4,4,3,5,1000.0
1,5,3,4,6,4,152.0
1,2,1,4,6,5,90.0
2,4,3,4,6,4,334.0
2,6,2,4,3,4,151.0
1,3,1,4,6,5,69.0
3,11,5,4,6,5,128.0
3,8,5,4,3,4,360.0
1,1,1,3,4,2,74.0
1,4,2,4,6,4,116.0
1,2,2,4,6,4,80.0
1,2,1,4,6,4,158.0
1,2,1,3,4,2,75.0
3,9,5,4,6,5,285.0
1,4,1,4,6,4,159.0
1,2,1,3,4,2,74.0
2,4,3,4,6,4,193.0
1,2,1,4,6,4,299.0
2,4,2,4,6,5,195.0
3,8,5,4,3,4,127.0
1,2,1,3,4,2,77.0
1,2,1,4,6,4,89.0
3,6,3,4,3,4,276.0
3,5,3,4,6,5,618.0
2,5,3,4,6,5,468.0
1,2,1,4,6,4,146.0
1,2,1,4,6,4,183.0
3,5,3,4,6,4,306.0
1,2,1,4,6,4,146.0
1,2,1,3,5,2,116.0
1,2,1,4,6,4,72.0
2,2,2,3,3,2,105.0
2,4,2,4,3,5,206.0
1,2,1,3,2,2,80.0
3,6,3,4,3,4,385.0
3,6,3,4,6,5,186.0
1,3,1,4,6,4,145.0
1,1,1,3,5,2,55.0
2,8,4,4,6,5,188.0
5,12,10,4,3,5,799.0
2,4,2,4,3,4,400.0
3,6,3,4,3,5,850.0
1,3,1,4,6,4,240.0
4,8,4,4,3,5,599.0
1,2,1,3,6,2,50.0
1,2,1,3,4,2,70.0
4,8,5,4,3,5,760.0
2,4,2,4,3,4,450.0
1,2,1,3,5,2,50.0
1,4,2,4,6,5,127.0
1,2,2,3,6,2,50.0
5,10,5,4,3,5,564.0
1,4,1,4,6,4,114.0
2,4,2,4,3,4,200.0
1,2,1,3,5,2,119.0
1,3,1,4,6,4,169.0
1,2,1,4,6,4,103.0
1,2,1,4,2,2,95.0
1,3,1,4,6,4,350.0
5,10,7,4,3,5,1657.0
4,8,6,4,3,5,482.0
2,4,4,4,6,4,250.0
1,2,2,4,6,5,141.0
1,2,1,3,6,2,70.0
1,2,2,4,6,4,86.0
1,4,2,4,6,5,108.0
2,4,3,4,6,5,81.0
2,4,2,4,6,5,289.0
1,3,1,4,6,5,101.0
1,2,1,4,6,5,69.0
1,2,1,4,6,5,159.0
2,5,3,4,6,5,195.0
1,4,2,4,6,4,324.0
1,4,1,4,6,4,276.0
1,4,2,4,6,4,276.0
1,4,2,4,6,4,336.0
2,6,4,4,6,4,403.0
2,6,3,4,6,4,380.0
2,6,3,4,3,4,414.0
2,6,4,4,6,4,437.0
2,6,3,4,6,4,437.0
1,2,1,4,6,4,126.0
1,2,1,3,4,2,51.0
1,2,1,3,1,2,69.0
1,2,1,4,6,4,245.0
1,2,1,4,6,4,275.0
3,5,3,4,3,5,986.0
1,3,2,4,6,5,72.0
1,2,1,4,4,2,59.0
5,10,5,4,3,5,2750.0
3,6,4,4,3,6,1400.0
3,5,3,4,6,5,190.0
2,4,6,4,6,5,201.0
1,2,1,3,4,2,48.0
2,4,2,4,3,4,200.0
2,4,2,4,6,5,136.0
1,2,2,4,6,4,150.0
1,2,1,4,6,5,55.0
6,16,16,4,3,5,1310.0
1,2,1,4,6,4,140.0
4,10,6,4,3,4,600.0
3,4,3,4,6,5,310.0
1,2,2,3,2,2,99.0
1,2,2,4,6,4,105.0
2,4,2,4,6,4,95.0
2,3,3,4,6,4,199.0
1,2,1,3,5,2,65.0
3,6,3,4,3,5,500.0
2,4,3,4,6,4,85.0
5,8,5,4,3,5,726.0
1,2,1,3,3,2,41.0
1,2,1,4,6,5,175.0
1,3,2,4,6,5,239.0
1,2,1,4,6,4,135.0
1,2,1,4,6,5,200.0
1,2,1,4,6,4,150.0
1,2,1,4,6,5,99.0
4,8,4,4,3,5,300.0
1,2,2,4,6,5,95.0
4,8,4,4,3,5,1600.0
3,6,3,4,3,5,406.0
1,1,1,3,4,2,35.0
1,1,1,3,4,2,35.0
1,2,1,3,5,2,68.0
1,2,1,3,5,2,58.0
2,4,2,4,6,4,361.0
2,5,3,4,6,5,125.0
1,2,1,3,5,2,180.0
1,2,1,4,6,4,192.0
3,7,5,4,3,5,210.0
2,4,2,4,3,4,209.0
2,6,4,4,6,4,550.0
1,2,1,4,6,5,113.0
2,5,4,4,3,4,175.0
1,2,1,3,1,2,81.0
1,3,1,3,6,2,110.0
5,10,6,4,3,5,3000.0
1,2,1,4,6,4,299.0
3,9,3,4,3,5,268.0
1,1,1,3,4,2,73.0
1,2,1,4,6,5,320.0
1,2,1,3,4,2,108.0
2,4,2,4,6,5,330.0
4,8,5,4,3,5,1871.0
4,8,6,4,3,5,1750.0
1,2,1,4,6,4,320.0
2,3,4,3,2,2,70.0
2,4,2,4,3,5,180.0
2,6,5,4,6,5,107.0
2,6,5,4,6,4,374.0
2,4,2,4,6,4,299.0
2,4,2,4,3,5,243.0
1,2,1,3,5,2,93.0
1,2,1,4,6,4,101.0
2,4,3,4,6,4,92.0
4,10,6,4,3,5,1000.0
5,10,7,4,3,5,1000.0
3,8,4,4,6,5,226.0
1,1,1,4,6,4,90.0
4,1,4,3,2,2,37.0
1,2,1,3,6,2,62.0
5,10,6,4,3,5,1750.0
2,4,2,4,3,5,182.0
1,2,1,4,6,4,114.0
1,2,2,3,4,2,125.0
1,4,1,4,6,4,234.0
3,6,3,4,3,5,500.0
4,8,4,4,3,5,2090.0
1,2,1,3,5,2,122.0
3,8,5,4,3,5,1800.0
2,5,4,4,6,4,245.0
1,4,1,4,6,4,190.0
4,6,4,4,3,5,979.0
2,5,3,3,5,2,200.0
1,2,1,4,6,4,105.0
1,2,1,4,6,4,239.0
1,2,2,3,4,2,50.0
3,6,3,4,3,5,120.0
1,2,1,3,6,2,250.0
1,3,1,4,6,4,150.0
1,2,1,3,4,2,45.0
1,1,1,3,4,2,66.0
1,4,1,3,5,2,70.0
2,4,2,4,6,5,393.0
1,2,1,3,4,2,49.0
2,5,4,4,6,5,127.0
1,2,1,3,5,2,49.0
1,4,2,4,6,5,118.0
1,2,1,4,6,4,143.0
1,3,1,3,4,2,52.0
6,12,5,4,3,5,1429.0
1,1,2,3,4,2,33.0
1,2,1,4,6,4,152.0
1,2,1,4,6,4,150.0
2,4,3,4,6,5,190.0
1,2,2,4,6,4,150.0
1,2,1,3,5,2,170.0
2,4,2,4,6,4,376.0
3,6,6,4,6,5,200.0
2,6,3,4,6,4,258.0
6,12,7,4,3,5,2000.0
5,8,5,4,3,5,900.0
1,6,3,4,6,5,263.0
1,2,1,4,6,5,85.0
1,3,2,3,5,3,120.0
1,2,1,3,5,3,150.0
1,3,2,3,5,3,150.0
1,2,1,3,5,3,350.0
3,6,4,3,5,2,250.0
1,2,1,4,6,4,176.0
1,2,1,4,6,4,176.0
2,4,2,4,6,5,180.0
4,6,3,4,3,5,311.0
1,2,1,4,6,5,156.0
1,2,1,4,6,5,105.0
2,8,4,4,3,5,201.0
7,16,12,4,3,5,358.0
1,2,1,4,6,4,125.0
2,4,2,4,6,4,325.0
1,2,1,3,5,2,118.0
1,4,1,4,6,4,109.0
2,4,3,4,6,5,190.0
1,4,2,4,6,4,150.0
1,3,1,4,6,5,114.0
1,5,1,4,6,4,135.0
1,2,1,4,6,4,129.0
2,4,2,4,6,5,280.0
2,5,3,4,3,4,326.0
2,4,2,4,6,4,308.0
1,2,1,4,6,5,100.0
2,7,5,4,3,4,280.0
1,2,1,3,1,2,35.0
1,2,1,3,4,4,80.0
1,2,2,3,1,2,35.0
2,4,3,4,3,4,170.0
1,2,1,3,4,2,59.0
2,4,2,4,6,5,129.0
1,2,4,4,6,5,157.0
1,2,1,4,6,4,192.0
2,5,3,4,6,4,178.0
4,9,6,4,3,5,255.0
1,1,1,3,4,2,35.0
1,2,1,3,6,2,60.0
1,2,1,3,5,2,60.0
1,2,1,4,6,4,204.0
1,2,2,4,6,4,98.0
1,2,1,3,2,2,83.0
1,2,1,4,6,5,110.0
4,7,5,4,3,5,650.0
1,3,2,4,6,5,110.0
3,6,3,4,3,5,672.0
1,2,2,4,6,4,122.0
2,4,3,4,6,5,59.0
2,6,8,4,3,4,242.0
1,1,2,3,4,2,55.0
2,4,2,4,3,4,199.0
1,2,1,3,2,2,40.0
1,2,3,4,6,5,153.0
4,7,4,4,3,5,850.0
2,5,3,4,3,4,550.0
2,4,2,4,6,4,361.0
1,4,2,4,6,4,169.0
2,6,3,4,6,5,206.0
2,3,2,4,6,4,400.0
3,6,3,4,6,5,364.0
6,12,7,4,3,5,2115.0
3,6,4,4,3,5,541.0
2,4,1,4,6,5,174.0
3,6,3,4,3,4,116.0
1,3,2,4,6,4,125.0
5,10,6,4,3,5,1200.0
3,7,3,4,3,5,836.0
1,4,2,4,6,4,179.0
1,2,1,4,6,5,95.0
1,4,2,4,6,4,195.0
3,6,4,4,3,4,399.0
1,2,1,4,6,5,95.0
1,4,2,4,6,4,199.0
1,5,2,4,6,4,169.0
1,1,1,3,4,2,39.0
1,4,1,4,6,4,105.0
1,2,1,4,6,4,248.0
2,4,3,4,6,4,214.0
1,2,1,4,6,5,105.0
2,3,2,4,6,4,147.0
1,2,1,4,6,5,133.0
3,6,3,4,3,5,300.0
2,3,5,4,6,5,125.0
1,2,2,3,4,2,38.0
2,6,3,4,6,4,85.0
1,2,1,3,5,2,58.0
3,6,3,4,6,4,187.0
2,3,2,4,6,5,165.0
1,2,1,4,6,5,166.0
2,4,2,4,6,4,280.0
1,2,1,3,4,2,95.0
3,5,3,4,6,5,120.0
1,2,2,4,6,4,242.0
2,4,2,4,6,4,165.0
4,8,4,4,3,5,500.0
2,4,2,4,6,5,111.0
1,3,3,4,6,4,78.0
2,3,2,4,6,4,126.0
1,2,1,4,6,5,130.0
1,4,2,4,6,4,220.0
3,6,3,4,6,5,325.0
1,2,1,4,6,5,120.0
1,1,1,3,2,2,80.0
1,2,1,3,4,2,65.0
1,2,1,3,4,2,65.0
4,10,5,4,3,5,1429.0
3,6,4,4,6,5,800.0
4,8,6,4,3,5,350.0
3,4,2,4,3,5,480.0
1,2,1,3,4,2,41.0
2,4,2,4,6,4,150.0
1,2,1,4,6,4,124.0
2,4,2,4,3,4,238.0
3,6,3,4,6,5,200.0
1,2,1,4,6,5,135.0
5,10,7,4,3,5,550.0
1,1,1,3,4,2,39.0
2,4,3,4,6,5,230.0
2,4,2,4,3,4,115.0
1,3,1,4,6,4,122.0
5,11,6,4,3,5,555.0
3,6,5,4,3,5,550.0
1,1,2,3,4,2,51.0
1,2,1,3,5,2,90.0
2,6,4,4,6,5,421.0
2,4,2,4,6,5,270.0
3,6,3,4,3,5,550.0
1,2,1,4,6,4,198.0
2,4,3,4,6,4,95.0
1,4,1,4,6,4,60.0
1,2,1,3,4,2,45.0
1,4,3,4,6,5,66.0
1,1,1,3,4,2,55.0
1,2,1,4,6,4,155.0
1,2,1,4,6,4,142.0
3,8,3,4,3,5,500.0
1,2,1,4,6,5,200.0
2,4,3,4,6,5,286.0
2,5,3,4,3,4,210.0
1,4,2,4,6,4,260.0
1,4,2,4,6,4,139.0
2,4,2,4,6,4,160.0
1,4,2,4,6,4,97.0
2,4,2,4,6,5,406.0
1,2,1,4,6,5,62.0
1,3,2,3,4,2,40.0
2,6,3,4,6,5,131.0
5,8,4,4,3,5,500.0
2,4,2,4,3,4,250.0
1,4,2,4,6,5,100.0
3,5,4,4,6,5,120.0
2,6,2,4,3,4,379.0
1,6,2,4,6,4,143.0
1,2,1,4,6,4,200.0
1,2,1,4,6,4,215.0
3,6,4,4,6,4,500.0
1,2,1,4,6,5,276.0
1,4,1,4,6,4,130.0
1,2,1,4,6,5,122.0
2,4,2,4,6,4,793.0
2,6,3,4,6,4,207.0
1,4,1,4,6,4,220.0
2,4,2,4,6,4,192.0
1,2,1,3,2,2,80.0
1,4,1,4,6,4,200.0
1,2,1,4,6,4,154.0
1,2,1,3,2,3,49.0
1,2,2,3,2,2,128.0
1,2,1,4,6,4,146.0
1,2,1,4,6,4,129.0
3,6,3,4,3,5,600.0
1,4,2,4,6,4,138.0
2,4,3,4,3,4,185.0
2,4,2,4,3,4,239.0
3,7,5,4,6,5,96.0
1,2,1,3,4,2,112.0
2,4,2,4,3,4,392.0
1,4,2,4,6,4,138.0
3,6,4,4,6,5,431.0
1,4,2,4,6,4,180.0
2,4,3,4,6,5,125.0
1,2,1,3,5,2,100.0
1,1,1,4,6,5,50.0
1,2,2,3,4,2,69.0
4,12,4,4,3,4,793.0
2,5,3,4,6,4,200.0
1,3,2,4,6,4,179.0
1,2,1,4,6,4,192.0
4,8,5,4,3,5,750.0
1,4,2,4,6,5,121.0
1,4,2,4,6,5,147.0
1,2,1,3,4,3,85.0
3,6,2,4,3,5,914.0
2,4,2,4,6,5,288.0
2,4,2,4,6,4,395.0
1,2,1,4,6,4,214.0
1,2,2,4,6,4,220.0
1,2,1,3,5,2,59.0
1,2,1,4,6,4,220.0
1,2,1,3,4,2,70.0
4,8,4,4,3,5,1136.0
1,4,1,4,6,4,190.0
1,2,1,4,6,5,65.0
1,2,1,3,5,3,110.0
1,2,1,4,6,4,229.0
3,4,3,4,3,4,450.0
1,1,2,2,5,3,133.0
4,6,4,4,3,5,1500.0
2,5,2,4,6,5,620.0
1,1,1,3,4,2,109.0
1,4,1,4,6,4,95.0
1,3,1,4,6,4,135.0
2,4,2,4,6,4,231.0
3,9,7,4,3,5,850.0
1,2,2,3,4,2,40.0
1,2,1,4,6,4,210.0
1,2,1,4,6,5,119.0
3,7,4,4,3,5,850.0
2,6,2,4,6,4,258.0
1,2,1,3,4,2,65.0
1,2,2,3,4,2,65.0
1,2,1,4,6,4,189.0
4,14,8,4,3,5,557.0
1,4,1,4,6,5,95.0
4,8,7,3,6,2,160.0
1,3,2,4,6,4,388.0
2,3,2,4,6,5,1999.0
5,12,6,4,3,4,339.0
3,8,3,4,3,4,1100.0
2,4,3,4,3,4,403.0
1,4,2,4,6,4,210.0
3,5,3,4,6,5,100.0
1,2,1,4,6,5,100.0
5,11,9,4,3,5,389.0
1,2,2,4,6,4,88.0
2,6,5,4,6,5,349.0
1,3,2,4,6,4,141.0
2,6,5,4,6,6,571.0
1,2,1,4,6,4,165.0
4,8,5,4,3,5,650.0
1,2,1,3,4,2,95.0
1,2,1,3,4,2,65.0
1,2,1,4,6,4,205.0
2,4,2,4,6,4,147.0
1,2,1,4,6,4,171.0
1,2,2,3,4,2,59.0
1,2,1,3,6,2,85.0
5,7,5,4,3,5,584.0
1,2,1,4,6,5,69.0
1,1,1,3,4,2,75.0
4,11,10,4,3,5,806.0
1,2,1,4,6,4,189.0
1,4,2,4,6,4,232.0
3,8,8,4,6,6,370.0
3,6,3,4,3,5,480.0
1,1,1,3,4,2,48.0
1,2,2,3,4,2,80.0
1,2,1,4,6,4,195.0
5,16,12,4,3,6,507.0
1,2,1,4,6,4,58.0
4,8,2,4,3,5,2800.0
3,5,3,4,6,5,964.0
2,4,2,4,6,4,357.0
1,3,2,3,5,2,65.0
1,2,1,3,5,2,169.0
2,4,2,4,6,4,164.0
3,7,4,4,6,5,238.0
3,5,3,4,6,4,101.0
4,8,5,4,3,5,1500.0
3,6,3,4,3,5,780.0
3,6,4,4,6,5,243.0
1,2,1,3,5,2,105.0
5,10,8,4,3,5,650.0
2,4,2,4,3,5,500.0
1,2,2,4,6,4,120.0
1,2,1,4,6,5,182.0
2,4,3,4,6,4,279.0
1,4,1,4,6,4,135.0
1,2,1,4,6,5,207.0
1,2,1,3,5,2,82.0
2,5,3,4,3,4,113.0
1,4,2,4,6,5,110.0
1,4,2,4,6,4,95.0
1,2,1,3,4,2,95.0
1,4,2,4,6,4,71.0
3,6,4,4,6,4,480.0
2,4,2,4,6,4,329.0
3,7,4,4,3,5,595.0
4,8,5,4,3,5,1047.0
1,2,1,3,4,2,60.0
1,2,1,4,6,4,191.0
3,5,3,4,3,4,407.0
5,8,5,4,3,5,1000.0
1,2,1,4,6,4,136.0
2,4,3,4,3,4,230.0
2,4,2,4,6,4,275.0
1,2,1,3,4,2,80.0
1,3,2,4,6,4,85.0
1,2,1,3,5,2,89.0
4,8,4,4,3,5,450.0
1,2,1,4,6,5,150.0
1,2,1,4,6,5,88.0
1,3,2,4,6,4,123.0
1,2,1,4,6,4,213.0
1,2,1,4,6,4,271.0
1,6,4,1,2,1,28.0
1,4,1,4,6,4,110.0
3,6,4,4,6,4,750.0
1,2,1,4,6,4,200.0
1,1,1,3,4,2,35.0
3,6,3,4,3,5,590.0
6,12,8,4,3,5,1800.0
1,2,1,4,6,5,182.0
2,6,4,4,3,4,106.0
2,4,2,4,6,4,280.0
1,2,1,3,4,2,45.0
1,2,1,4,6,4,229.0
1,2,1,3,4,2,45.0
1,2,1,3,4,2,32.0
1,3,2,4,6,4,178.0
1,2,1,3,4,2,63.0
1,2,1,3,4,2,88.0
1,3,2,4,6,5,90.0
1,2,1,4,6,4,126.0
1,2,1,4,6,5,171.0
1,2,1,4,6,5,79.0
4,8,4,4,3,5,700.0
3,5,3,4,6,5,595.0
1,2,1,4,6,4,234.0
2,5,5,4,6,4,292.0
3,5,3,4,3,5,358.0
3,5,6,4,6,5,765.0
4,8,6,4,3,5,357.0
2,2,2,4,6,5,189.0
3,6,3,4,6,5,316.0
1,4,2,4,6,4,410.0
2,6,3,4,6,5,110.0
2,4,2,4,3,4,197.0
1,2,2,4,6,5,75.0
4,7,6,4,3,5,580.0
3,6,3,4,3,5,489.0
2,4,2,4,3,4,329.0
1,4,2,4,6,4,126.0
1,2,1,3,4,2,129.0
2,4,3,4,6,5,245.0
1,3,1,4,6,4,128.0
5,10,5,4,3,5,2857.0
1,2,1,4,6,4,307.0
4,7,5,4,3,5,425.0
1,2,1,4,6,4,229.0
1,2,1,4,6,4,123.0
1,2,1,3,5,2,70.0
2,4,3,4,6,4,296.0
1,2,1,3,5,3,85.0
1,2,1,4,6,4,135.0
1,2,1,4,6,4,144.0
2,4,2,4,6,4,89.0
1,4,2,4,6,4,119.0
2,5,5,4,6,4,170.0
2,4,3,4,6,5,270.0
2,5,2,4,6,4,366.0
1,4,1,3,5,2,100.0
3,8,5,4,3,5,520.0
1,2,1,4,6,4,83.0
1,2,1,4,6,4,113.0
2,6,3,4,3,5,421.0
1,4,1,4,6,4,180.0
3,6,3,4,3,5,407.0
1,2,1,3,5,2,85.0
1,2,1,4,6,4,190.0
1,2,1,4,6,4,100.0
1,2,1,4,6,4,190.0
2,4,2,4,6,4,148.0
1,2,1,4,6,4,190.0
1,2,1,3,5,2,63.0
2,4,2,4,3,5,400.0
3,8,7,4,3,4,488.0
1,3,1,3,5,2,115.0
2,4,3,4,3,5,200.0
2,5,2,4,6,4,280.0
2,3,2,4,6,4,140.0
2,4,4,4,3,4,291.0
1,2,1,4,6,5,101.0
3,7,6,4,6,4,250.0
3,6,3,4,3,4,940.0
2,5,3,4,6,4,222.0
1,2,1,3,5,2,49.0
3,6,4,4,3,4,554.0
1,1,1,3,6,2,34.0
1,4,1,4,6,4,150.0
2,4,2,4,6,5,209.0
1,2,1,3,2,2,65.0
2,4,2,4,6,4,249.0
1,2,1,4,6,4,139.0
3,6,4,4,6,5,200.0
3,6,5,4,3,5,852.0
2,2,2,4,6,4,171.0
1,2,1,4,6,5,100.0
2,5,2,4,3,4,141.0
1,2,2,4,6,4,278.0
2,5,3,4,6,4,152.0
2,4,2,4,6,4,191.0
1,2,2,4,6,4,202.0
3,6,4,4,3,4,449.0
1,2,1,4,6,4,223.0
5,11,6,4,3,4,785.0
1,7,3,4,6,4,169.0
3,4,3,4,3,4,200.0
4,8,4,4,3,4,1082.0
4,10,6,4,3,5,400.0
2,2,2,4,3,4,166.0
1,3,1,4,6,4,109.0
3,5,5,4,3,5,450.0
1,2,2,3,5,2,82.0
2,4,3,4,3,4,500.0
1,2,1,4,6,4,121.0
1,2,1,4,6,4,105.0
4,8,4,4,6,5,628.0
2,6,3,4,6,4,189.0
2,4,2,4,6,4,411.0
1,2,1,4,6,4,150.0
2,3,2,4,6,5,105.0
1,3,2,3,4,2,75.0
1,2,1,4,6,4,114.0
2,6,3,4,6,5,161.0
2,4,3,4,6,4,202.0
1,1,1,3,4,2,45.0
2,4,2,4,6,4,260.0
2,5,4,4,3,4,240.0
2,6,4,4,3,5,350.0
1,2,1,4,6,5,66.0
1,1,1,3,4,3,60.0
1,2,2,4,6,5,90.0
3,7,6,4,3,5,381.0
3,10,7,4,6,4,169.0
2,6,3,4,6,5,157.0
1,3,2,4,6,4,107.0
1,1,2,3,4,2,40.0
1,1,2,3,4,2,39.0
1,4,2,4,6,4,146.0
1,4,1,4,6,4,235.0
1,3,1,4,6,4,259.0
3,6,3,4,3,5,195.0
1,7,6,4,6,5,145.0
1,2,1,3,4,2,70.0
2,4,2,4,6,5,353.0
1,2,1,4,6,5,350.0
1,2,1,3,4,2,60.0
5,10,8,4,3,5,1360.0
5,10,7,4,3,5,636.0
3,8,6,4,3,5,290.0
1,2,1,3,6,2,48.0
3,6,3,4,3,5,300.0
2,5,3,4,6,4,333.0
1,2,1,3,4,3,130.0
1,2,2,3,4,2,44.0
2,6,4,4,6,4,271.0
2,7,4,4,6,4,171.0
2,6,4,4,6,4,278.0
2,4,2,4,6,5,160.0
1,3,2,4,6,4,162.0
1,2,2,4,6,5,91.0
2,4,3,4,3,4,208.0
1,2,1,4,6,4,299.0
3,6,3,4,3,5,250.0
2,3,2,4,6,5,123.0
1,2,1,4,6,5,118.0
4,4,5,4,3,5,355.0
2,5,3,4,6,4,531.0
3,6,4,3,5,2,219.0
2,5,2,4,6,4,363.0
2,5,2,4,6,4,344.0
1,3,1,4,6,5,89.0
5,10,6,4,3,5,2000.0
1,2,1,4,6,4,150.0
2,4,4,4,6,4,130.0
2,5,3,4,6,5,213.0
3,8,4,4,3,5,600.0
1,2,1,4,6,5,117.0
1,2,1,3,4,2,74.0
3,6,4,4,6,4,400.0
1,1,1,3,5,2,129.0
3,7,3,4,3,5,300.0
2,6,3,4,6,4,314.0
1,2,1,3,5,2,100.0
2,5,2,4,3,4,441.0
2,4,2,4,6,4,279.0
1,2,1,3,4,3,113.0
2,4,3,4,3,4,437.0
1,2,1,3,2,2,80.0
1,2,1,4,6,5,86.0
1,2,1,4,6,4,295.0
1,2,1,3,4,2,89.0
1,3,2,4,6,5,132.0
1,6,6,4,6,5,92.0
1,2,1,4,6,4,484.0
1,4,1,4,6,6,173.0
2,6,4,4,3,4,560.0
2,5,3,4,6,5,112.0
1,4,2,4,6,4,112.0
1,2,1,4,6,4,154.0
1,2,1,3,4,2,55.0
2,4,2,4,3,4,1243.0
1,4,1,4,6,5,110.0
2,6,3,4,3,4,416.0
2,4,2,4,6,4,280.0
1,2,1,3,2,2,42.0
1,4,1,4,6,4,145.0
1,1,1,3,4,2,200.0
1,3,2,4,6,4,128.0
1,2,1,4,6,5,109.0
1,2,2,4,6,5,188.0
2,4,2,4,6,4,150.0
1,3,2,4,6,4,85.0
1,1,1,3,4,2,35.0
4,8,4,4,3,4,793.0
1,2,1,4,6,4,104.0
1,2,1,4,6,4,90.0
1,2,1,4,6,4,129.0
1,2,1,4,6,4,219.0
1,2,1,4,6,4,219.0
2,9,6,4,6,4,149.0
2,4,2,4,3,4,344.0
1,3,2,4,6,5,70.0
1,2,1,4,6,4,144.0
1,4,2,4,6,4,126.0
2,4,2,4,6,5,189.0
2,5,3,4,6,4,216.0
1,2,1,4,6,5,150.0
1,2,1,4,6,4,125.0
1,1,2,3,2,2,150.0
3,6,4,4,3,5,126.0
1,2,1,4,6,4,150.0
1,2,1,4,6,4,150.0
1,1,1,4,6,4,80.0
1,4,2,3,2,2,110.0
1,2,1,4,6,4,200.0
4,5,5,4,3,5,512.0
1,2,1,4,6,5,85.0
1,2,1,3,4,2,100.0
2,5,3,4,6,4,400.0
1,2,1,3,4,2,60.0
1,2,1,3,4,2,88.0
2,4,2,4,6,5,345.0
4,8,5,4,3,5,699.0
1,2,1,4,6,4,79.0
1,2,1,4,6,5,125.0
3,9,6,4,6,5,201.0
1,2,1,4,6,4,131.0
1,2,1,3,4,2,264.0
1,4,2,4,6,5,67.0
2,6,4,4,6,4,321.0
1,3,1,4,1,4,110.0
2,3,3,4,6,4,154.0
1,2,1,3,5,2,45.0
2,4,1,4,6,4,156.0
1,4,1,4,6,4,175.0
1,4,3,3,2,2,70.0
1,3,2,3,4,2,55.0
5,13,9,4,3,5,492.0
1,2,1,3,4,2,72.0
4,8,6,4,3,5,500.0
1,4,2,4,6,5,250.0
3,6,4,4,3,5,353.0
4,8,4,4,3,5,400.0
1,3,1,4,6,4,64.0
1,1,1,3,4,2,45.0
1,2,1,4,6,5,103.0
2,6,5,4,6,4,283.0
1,2,2,3,4,2,135.0
1,2,1,3,6,2,135.0
1,2,1,3,4,2,135.0
1,2,1,4,6,5,125.0
4,8,5,4,6,5,443.0
1,2,1,3,4,2,56.0
1,2,1,4,6,4,180.0
1,4,2,3,6,2,88.0
2,6,4,4,6,4,318.0
1,2,1,4,6,4,139.0
4,10,7,4,3,5,320.0
2,4,2,4,6,4,149.0
2,5,4,4,3,4,518.0
2,4,2,4,6,5,295.0
2,4,2,4,6,4,352.0
3,6,5,4,6,5,350.0
2,6,3,4,6,4,142.0
1,2,1,3,5,3,88.0
2,4,3,4,3,5,140.0
2,4,2,4,6,4,110.0
1,2,1,4,6,4,85.0
1,4,1,4,6,4,139.0
1,2,1,4,6,5,283.0
1,2,1,4,6,5,105.0
1,2,1,4,6,4,169.0
1,2,1,4,6,5,57.0
1,2,2,4,6,4,250.0
1,2,1,4,6,4,275.0
1,1,1,3,4,2,70.0
2,5,4,4,6,4,250.0
5,11,6,4,3,5,1900.0
2,5,4,4,6,4,222.0
3,6,4,4,3,4,495.0
3,6,4,4,3,4,450.0
1,2,1,4,6,4,276.0
1,2,1,4,6,4,189.0
1,1,1,3,2,2,60.0
1,2,1,4,6,4,141.0
2,4,3,4,6,4,111.0
4,10,7,4,6,5,256.0
1,2,1,4,6,5,115.0
2,8,5,4,6,4,140.0
1,2,1,3,5,2,75.0
4,8,5,4,3,5,447.0
3,8,6,4,3,5,299.0
4,8,5,4,3,5,1221.0
2,3,3,3,4,2,350.0
1,2,1,4,6,5,89.0
1,1,1,3,4,2,90.0
2,9,6,4,6,4,149.0
1,2,1,3,6,2,195.0
4,10,5,4,6,5,709.0
1,2,1,4,6,5,82.0
1,2,2,4,6,4,132.0
4,9,5,4,3,5,750.0
1,2,1,4,6,4,111.0
1,2,1,4,6,5,85.0
1,1,1,3,4,2,55.0
2,6,3,4,3,4,351.0
1,2,1,4,6,4,250.0
1,2,1,3,4,3,114.0
5,16,10,4,3,5,2133.0
1,1,1,4,6,4,120.0
2,4,2,4,6,4,140.0
1,2,2,4,6,6,192.0
3,6,4,4,3,5,410.0
1,2,1,4,6,4,140.0
2,4,2,4,3,5,159.0
1,2,1,3,4,2,113.0
2,4,3,4,6,5,200.0
1,3,2,4,6,5,179.0
1,4,2,4,6,4,150.0
5,10,8,4,3,5,750.0
2,4,2,4,6,5,90.0
2,4,2,4,6,4,800.0
1,3,1,4,6,5,179.0
2,4,3,4,6,4,420.0
1,2,1,3,5,2,65.0
1,2,1,4,6,5,100.0
1,1,1,3,5,2,70.0
3,6,4,4,6,4,499.0
3,5,2,4,3,5,150.0
1,1,1,3,4,2,40.0
1,2,1,4,6,5,170.0
1,2,1,4,6,4,160.0
1,2,1,4,6,4,194.0
2,4,2,4,3,4,350.0
5,10,7,4,3,5,2701.0
1,4,2,1,4,1,110.0
1,3,1,4,6,4,192.0
2,4,3,4,3,4,400.0
1,2,2,3,2,2,42.0
1,4,2,4,6,4,161.0
2,6,3,4,6,4,386.0
2,4,3,4,6,4,333.0
2,4,2,4,3,4,1500.0
2,4,2,4,6,4,157.0
2,6,4,4,3,4,165.0
3,6,6,4,6,5,496.0
2,6,3,4,6,5,420.0
1,4,2,4,6,5,110.0
1,2,1,4,6,4,152.0
1,2,2,3,3,2,68.0
1,2,1,4,6,4,139.0
1,2,1,4,6,4,166.0
1,1,2,3,5,2,80.0
2,8,5,4,6,4,91.0
1,2,1,4,6,4,229.0
3,6,3,4,3,5,364.0
4,8,6,4,3,5,600.0
3,8,5,4,3,5,1000.0
1,2,2,4,6,4,170.0
1,2,1,4,6,4,229.0
1,3,1,4,6,4,229.0
1,3,1,4,6,4,229.0
1,3,1,4,6,4,199.0
1,3,2,4,6,4,350.0
2,5,3,4,6,4,822.0
2,6,3,4,6,4,842.0
1,3,2,4,6,4,430.0
1,3,2,4,6,4,558.0
1,2,1,4,6,4,159.0
1,2,1,4,6,4,229.0
1,2,1,4,6,4,229.0
1,2,1,4,6,4,229.0
1,2,1,4,6,4,229.0
1,2,1,4,6,4,249.0
1,2,1,4,6,4,229.0
2,4,2,4,6,4,299.0
2,4,2,4,6,4,329.0
2,4,2,4,6,4,299.0
2,6,4,4,3,4,141.0
1,2,1,4,6,4,130.0
2,6,4,4,3,4,140.0
2,6,3,4,3,4,148.0
1,2,1,3,4,2,41.0
4,6,5,4,3,5,936.0
1,1,1,3,5,2,29.0
3,8,4,4,3,5,279.0
2,8,4,4,6,5,180.0
1,2,1,3,4,2,150.0
1,2,1,4,6,4,105.0
1,2,1,3,5,2,129.0
1,2,1,4,6,5,152.0
2,4,3,3,4,2,59.0
1,2,1,3,5,2,586.0
1,2,1,3,4,2,124.0
1,2,2,4,6,4,221.0
1,2,1,4,6,4,130.0
1,2,1,4,6,4,185.0
1,3,1,4,6,4,229.0
1,3,1,4,6,4,170.0
2,4,2,4,6,4,239.0
1,1,1,1,4,1,35.0
1,2,1,3,6,3,475.0
5,16,11,4,3,5,600.0
1,2,1,4,6,4,151.0
2,3,2,4,6,4,160.0
1,2,1,4,6,4,199.0
2,4,2,3,6,2,300.0
3,6,4,4,3,4,349.0
1,2,1,4,6,4,170.0
3,6,4,4,3,5,415.0
1,2,1,4,6,4,146.0
2,4,2,4,3,4,209.0
1,2,1,4,6,4,229.0
1,2,2,4,6,5,371.0
1,3,2,4,6,6,500.0
1,2,1,4,6,4,229.0
1,2,1,4,6,4,249.0
1,2,1,4,6,4,249.0
1,2,1,3,5,2,63.0
3,6,4,4,6,4,300.0
1,2,1,4,6,4,60.0
2,4,3,4,6,5,195.0
1,2,1,4,2,3,142.0
3,8,6,4,3,5,1200.0
1,2,1,3,4,2,59.0
3,6,4,4,6,5,461.0
2,4,3,3,4,2,59.0
1,2,1,3,4,3,80.0
1,4,2,4,6,4,134.0
3,6,3,4,3,4,266.0
1,2,1,3,5,2,60.0
1,4,2,4,6,4,158.0
1,2,1,4,6,4,273.0
2,4,3,4,3,4,369.0
3,6,3,4,3,5,550.0
2,5,3,4,3,4,159.0
4,6,3,4,3,5,600.0
1,2,1,4,6,5,250.0
2,2,2,4,6,4,178.0
3,6,4,4,3,5,249.0
1,3,1,4,6,4,150.0
2,4,2,4,3,4,424.0
1,2,1,1,4,1,69.0
4,10,6,4,3,5,300.0
2,4,2,4,6,5,95.0
4,10,5,4,3,4,650.0
1,2,1,4,6,4,325.0
1,2,1,4,6,4,89.0
2,5,2,4,6,4,239.0
1,2,1,4,6,4,226.0
2,4,4,4,6,4,195.0
2,4,2,4,6,4,485.0
1,4,3,4,6,4,132.0
3,5,4,4,3,4,310.0
1,2,1,4,6,4,156.0
1,2,1,4,6,4,175.0
2,4,2,4,6,4,200.0
1,2,1,4,6,4,142.0
1,4,2,4,6,4,120.0
1,1,1,1,4,1,31.0
3,6,4,4,6,5,279.0
1,2,1,4,6,4,229.0
3,7,5,4,3,4,323.0
2,4,3,4,6,4,360.0
3,4,3,4,6,5,150.0
4,10,6,4,3,5,530.0
1,4,2,2,5,3,136.0
1,4,2,4,6,4,181.0
1,2,1,4,6,5,100.0
2,4,2,4,6,4,320.0
1,3,2,4,6,4,175.0
1,2,1,3,5,2,45.0
1,4,2,4,6,4,131.0
5,10,11,4,3,5,2250.0
3,6,3,4,3,5,900.0
1,2,1,3,2,2,39.0
1,2,1,4,6,4,150.0
4,8,4,4,3,5,800.0
2,5,4,4,6,5,174.0
1,2,1,4,6,4,186.0
1,2,1,4,6,5,140.0
2,3,4,4,3,4,153.0
2,4,2,4,6,4,209.0
1,2,1,4,6,4,112.0
1,2,1,3,5,2,74.0
2,4,3,4,3,4,303.0
2,6,3,4,6,4,300.0
1,1,2,3,4,2,65.0
2,6,6,4,6,4,310.0
3,8,7,4,6,4,416.0
3,10,9,4,3,4,301.0
1,2,1,4,6,4,136.0
2,4,3,4,6,4,212.0
1,3,1,4,6,4,140.0
1,2,1,4,6,5,115.0
1,2,1,4,6,4,300.0
1,2,1,4,6,4,295.0
2,4,2,4,3,4,350.0
2,4,2,4,3,4,440.0
5,8,5,4,3,5,1250.0
1,2,1,4,6,4,137.0
1,2,1,3,4,2,69.0
1,2,1,3,6,2,51.0
2,4,2,4,6,4,206.0
1,2,1,3,4,2,66.0
2,4,2,4,3,4,200.0
1,2,1,4,6,4,160.0
4,7,5,4,3,5,557.0
4,7,5,4,3,5,800.0
1,4,2,4,6,4,235.0
1,3,2,4,6,5,95.0
2,6,3,4,6,4,141.0
1,2,1,4,6,5,163.0
1,2,1,2,4,3,90.0
1,2,1,3,5,2,84.0
1,2,1,4,6,5,90.0
1,2,2,4,6,4,79.0
1,3,1,4,6,5,175.0
4,5,5,4,3,5,400.0
1,1,4,2,2,3,35.0
4,12,6,4,3,5,371.0
2,4,2,4,6,4,424.0
3,6,4,4,3,4,721.0
1,1,2,3,4,2,32.0
1,2,1,4,6,4,129.0
2,4,2,4,6,4,260.0
1,3,2,2,6,3,194.0
1,5,2,2,6,3,287.0
1,3,2,2,6,3,228.0
1,5,3,2,6,3,242.0
1,4,3,2,6,3,338.0
1,2,1,3,5,3,183.0
1,4,3,4,6,4,200.0
1,1,1,3,4,3,117.0
1,2,1,4,6,4,152.0
1,2,1,3,4,2,72.0
1,2,2,3,4,2,54.0
1,2,1,4,6,5,130.0
2,4,3,4,6,5,191.0
2,4,2,4,3,4,230.0
1,4,2,4,6,4,96.0
1,2,1,3,5,3,177.0
1,2,1,3,3,2,99.0
1,2,2,3,5,3,225.0
1,2,1,3,5,3,202.0
1,2,1,3,5,3,236.0
1,3,2,3,5,3,271.0
1,2,1,3,4,2,30.0
1,2,1,3,4,2,35.0
2,4,3,4,6,5,203.0
3,6,4,4,3,5,507.0
2,3,2,4,6,4,232.0
1,2,1,4,6,4,155.0
3,7,3,4,3,5,450.0
3,6,2,4,3,4,2060.0
3,6,3,4,6,5,575.0
1,2,1,3,4,2,64.0
1,1,1,3,2,2,33.0
3,6,3,4,3,5,1750.0
3,6,3,4,3,4,586.0
2,4,2,4,6,4,291.0
1,2,1,3,4,2,65.0
2,6,3,4,6,4,176.0
1,3,2,4,6,4,134.0
2,4,3,4,3,4,193.0
1,2,1,4,6,4,139.0
2,6,2,4,6,5,300.0
2,4,2,4,6,4,514.0
1,2,1,4,6,4,136.0
3,5,3,4,3,3,129.0
1,2,1,4,6,4,446.0
1,2,1,4,6,4,110.0
1,2,1,4,6,4,160.0
1,2,1,4,6,4,77.0
1,2,1,3,4,2,100.0
1,2,1,4,6,4,150.0
3,5,4,4,3,5,543.0
2,4,2,4,6,5,133.0
3,8,5,4,3,5,354.0
1,1,2,4,6,5,82.0
1,2,1,3,6,2,73.0
2,6,4,4,6,4,263.0
1,2,5,3,4,2,25.0
3,7,4,4,3,4,359.0
2,4,3,4,6,4,337.0
1,2,1,4,6,5,120.0
1,2,1,4,6,4,229.0
4,6,4,4,3,5,920.0
1,2,1,3,4,2,37.0
3,6,3,4,3,4,577.0
1,2,1,4,6,5,85.0
2,4,2,4,3,5,128.0
1,3,2,4,6,4,167.0
4,7,4,4,3,5,1000.0
3,8,6,4,3,5,259.0
3,7,4,4,3,5,325.0
1,2,1,3,4,2,65.0
2,5,3,4,3,4,179.0
1,2,1,4,6,6,190.0
1,2,2,4,6,4,108.0
1,3,1,4,6,4,150.0
4,9,6,4,3,5,2221.0
5,10,5,4,3,5,579.0
2,4,2,4,6,4,364.0
1,4,2,4,6,5,275.0
2,8,5,4,3,4,179.0
3,6,3,4,6,5,500.0
2,4,3,4,6,5,85.0
3,6,3,4,3,4,364.0
5,13,10,4,3,5,749.0
1,2,1,4,6,4,150.0
1,2,2,3,4,2,95.0
2,4,2,4,6,4,200.0
1,1,1,3,4,2,130.0
1,1,1,3,5,2,85.0
1,2,1,2,5,3,1300.0
2,4,2,4,6,4,185.0
1,2,1,4,6,4,160.0
2,4,2,4,6,4,178.0
2,4,3,4,6,4,200.0
1,2,1,4,6,4,124.0
3,6,4,4,3,4,650.0
2,4,2,4,3,4,424.0
1,2,1,4,6,5,520.0
1,2,2,3,6,2,62.0
1,2,1,4,6,4,137.0
2,4,3,4,6,5,550.0
1,2,1,4,6,4,134.0
2,4,2,4,6,4,129.0
2,4,2,4,3,4,254.0
2,6,4,4,6,4,239.0
3,6,4,4,3,5,531.0
1,1,1,3,4,2,50.0
1,2,1,3,2,3,52.0
2,4,2,4,6,4,507.0
2,5,3,4,6,5,128.0
1,2,1,3,5,2,75.0
1,2,2,4,6,4,111.0
1,2,1,4,6,4,85.0
1,2,1,4,6,4,125.0
4,8,6,4,3,5,732.0
1,2,1,2,5,3,300.0
1,1,1,2,4,3,148.0
1,2,1,2,4,3,186.0
2,4,3,4,3,4,550.0
2,4,3,3,5,2,75.0
1,4,2,4,6,4,111.0
1,4,2,3,5,2,200.0
4,10,4,4,3,5,1000.0
1,2,1,4,6,4,1357.0
1,2,1,2,5,3,135.0
1,3,2,2,5,3,153.0
1,2,1,2,6,3,184.0
1,2,2,4,6,5,100.0
1,2,1,3,4,2,83.0
1,4,1,4,6,4,135.0
2,2,2,4,6,4,350.0
3,6,3,4,6,5,129.0
1,4,2,4,6,4,170.0
1,4,2,4,6,4,144.0
2,5,2,4,3,4,332.0
1,1,1,2,5,3,144.0
1,2,1,3,6,2,159.0
1,2,1,3,6,2,135.0
1,2,2,3,5,2,145.0
1,2,1,2,5,3,145.0
1,3,2,3,5,2,185.0
1,2,1,3,4,2,90.0
2,4,2,3,4,2,130.0
1,2,1,4,6,4,72.0
2,6,4,4,3,4,143.0
4,10,4,4,3,5,934.0
1,1,1,3,4,2,55.0
1,2,1,4,6,4,213.0
1,4,2,4,1,4,160.0
4,7,4,4,3,4,650.0
1,2,1,4,6,4,229.0
2,6,2,4,3,4,179.0
1,2,1,3,6,3,243.0
1,2,1,3,4,2,50.0
1,2,1,3,5,2,169.0
1,4,2,4,6,4,209.0
1,2,1,4,6,4,193.0
2,4,3,4,6,4,295.0
1,2,1,4,6,4,179.0
1,2,2,4,6,6,520.0
1,2,1,2,4,3,173.0
1,2,1,3,4,2,120.0
1,2,1,4,6,4,110.0
2,4,2,4,6,4,200.0
1,2,1,4,6,5,150.0
1,2,1,2,5,3,159.0
1,2,1,2,5,3,126.0
1,2,2,2,5,3,159.0
1,3,2,2,5,3,176.0
1,2,2,2,5,3,126.0
1,6,4,2,5,3,310.0
2,4,2,4,6,5,200.0
5,10,5,4,3,5,956.0
1,2,1,4,6,5,110.0
1,2,1,4,6,5,150.0
2,6,2,4,6,5,175.0
1,1,1,3,4,2,35.0
1,2,1,4,6,5,106.0
2,4,2,4,6,5,272.0
1,2,1,4,6,4,180.0
2,4,3,4,6,4,270.0
1,3,1,4,6,4,220.0
1,2,1,4,6,5,117.0
1,1,1,3,4,2,53.0
2,4,2,4,3,4,165.0
1,2,1,4,6,5,117.0
1,1,1,3,4,2,40.0
2,4,2,4,3,4,175.0
1,2,1,4,6,4,84.0
1,2,1,4,6,4,273.0
2,4,3,4,6,4,300.0
1,2,1,4,6,4,154.0
1,2,1,3,4,2,200.0
1,2,1,4,6,4,187.0
1,2,1,3,5,2,119.0
1,2,1,4,6,4,214.0
1,2,1,3,4,2,35.0
4,8,5,4,3,5,800.0
1,2,1,3,4,2,40.0
1,1,1,3,6,2,100.0
1,2,1,4,6,4,109.0
3,5,4,4,6,4,319.0
1,2,1,3,5,2,70.0
5,9,6,4,3,5,1367.0
5,12,8,4,3,5,550.0
1,2,1,4,6,4,95.0
1,2,1,4,6,4,300.0
2,4,2,4,6,4,100.0
2,6,4,4,3,4,303.0
1,4,2,4,6,4,140.0
1,2,1,3,4,2,35.0
1,6,6,4,2,1,28.0
1,2,1,3,5,2,73.0
6,12,6,4,3,5,2214.0
1,2,1,3,2,2,40.0
1,2,1,3,5,2,70.0
1,4,2,4,6,4,185.0
3,5,3,4,6,4,457.0
3,6,4,4,3,4,786.0
2,4,2,3,5,2,149.0
2,4,2,4,6,4,222.0
4,7,5,4,3,5,253.0
2,4,3,4,6,4,215.0
1,2,1,3,6,3,184.0
1,4,3,4,6,3,209.0
1,2,1,3,6,3,192.0
1,2,1,3,3,2,54.0
3,5,3,4,6,4,117.0
2,5,3,4,6,4,300.0
2,6,4,4,3,4,300.0
3,6,3,4,6,4,140.0
1,2,1,2,5,3,236.0
1,2,1,4,6,3,213.0
1,2,2,4,6,4,250.0
1,2,1,4,6,5,136.0
1,2,1,4,6,5,253.0
3,6,3,4,3,5,863.0
2,4,2,4,6,4,220.0
1,2,1,4,6,4,111.0
2,4,2,4,3,4,700.0
1,2,2,3,4,2,45.0
1,2,1,3,6,2,90.0
4,10,7,4,3,4,721.0
4,8,8,4,3,5,350.0
3,4,3,4,6,4,291.0
2,3,2,4,3,4,60.0
1,2,1,3,5,2,73.0
2,4,2,4,6,4,350.0
1,3,1,4,6,4,90.0
1,2,1,3,3,2,51.0
1,1,3,3,4,2,40.0
1,1,3,3,4,2,40.0
1,4,2,4,6,5,95.0
1,2,3,3,4,2,40.0
1,1,1,2,6,3,36.0
2,4,2,4,6,4,408.0
2,6,2,4,6,4,418.0
1,2,1,4,6,5,90.0
5,10,8,4,3,5,150.0
4,8,5,4,3,5,1037.0
3,4,3,4,6,5,495.0
1,2,1,4,6,4,155.0
2,7,4,4,6,5,500.0
1,2,1,4,6,5,170.0
4,7,6,4,3,5,450.0
1,1,1,3,4,2,60.0
1,2,1,4,6,4,146.0
1,4,3,4,6,4,345.0
1,3,3,2,4,3,126.0
5,9,6,4,3,4,226.0
1,2,1,3,5,2,307.0
2,9,6,4,3,4,203.0
1,2,1,3,4,2,113.0
1,2,1,4,6,4,153.0
4,10,6,4,3,5,400.0
5,9,6,4,3,5,500.0
4,8,4,4,3,5,953.0
2,4,2,4,6,4,378.0
1,2,1,4,6,4,125.0
3,6,3,4,3,5,350.0
1,5,2,4,6,3,631.0
2,4,3,4,6,5,170.0
1,2,1,4,6,5,100.0
2,4,2,4,6,4,286.0
3,6,3,4,3,4,700.0
1,2,2,4,6,4,86.0
2,5,5,4,6,4,100.0
1,2,2,4,6,5,287.0
1,2,1,4,6,4,169.0
1,4,2,4,6,4,153.0
2,4,2,4,6,4,250.0
2,4,4,4,6,4,147.0
3,5,4,4,3,5,1000.0
1,2,1,4,6,4,110.0
2,4,3,4,6,5,103.0
3,4,1,3,3,2,179.0
1,2,1,4,6,4,112.0
1,2,1,4,6,5,100.0
4,12,13,4,3,5,2500.0
1,2,1,3,4,2,35.0
1,2,1,4,6,6,80.0
2,4,2,4,3,4,486.0
1,1,1,3,4,2,33.0
2,6,3,4,6,4,120.0
2,4,3,4,6,5,356.0
1,2,1,4,6,4,115.0
2,4,2,4,6,4,650.0
2,5,2,4,6,5,115.0
2,4,3,4,6,4,350.0
2,4,2,4,6,5,170.0
3,7,4,4,6,5,292.0
1,2,1,4,6,5,64.0
1,2,1,4,6,4,115.0
1,2,1,4,6,5,88.0
2,7,4,4,3,4,149.0
3,6,3,4,3,5,1750.0
3,6,3,4,3,5,350.0
1,2,2,4,6,5,122.0
1,4,1,4,6,4,155.0
1,1,2,3,2,2,38.0
3,6,4,3,5,2,99.0
3,8,4,4,3,5,449.0
2,5,3,4,6,5,126.0
3,7,5,4,3,5,140.0
3,6,4,4,3,5,478.0
2,4,2,4,3,4,144.0
1,2,1,4,6,4,240.0
1,2,1,3,4,2,67.0
1,2,1,3,4,2,60.0
3,10,5,4,6,5,200.0
1,2,1,4,6,5,124.0
2,5,3,4,6,4,319.0
1,2,1,4,6,4,130.0
4,6,4,4,3,5,950.0
1,2,1,4,6,4,291.0
1,2,1,3,4,2,35.0
1,3,1,4,6,4,150.0
1,3,1,4,6,4,183.0
1,2,1,4,6,4,150.0
1,2,1,4,6,4,120.0
1,2,1,4,6,5,79.0
1,2,1,4,6,4,84.0
1,2,1,4,6,4,95.0
1,2,2,4,6,4,100.0
1,2,1,4,6,4,150.0
3,5,3,4,3,4,800.0
1,2,1,4,6,4,315.0
2,6,1,4,3,4,350.0
1,2,1,4,6,4,95.0
1,2,1,4,6,4,101.0
1,2,1,4,6,4,95.0
1,3,4,3,5,2,120.0
1,2,2,4,6,4,95.0
1,2,1,4,6,4,95.0
1,2,2,4,6,4,100.0
1,2,2,4,6,4,95.0
2,4,3,4,6,4,1750.0
2,3,2,4,6,4,115.0
1,3,1,4,6,4,159.0
1,4,2,4,6,4,159.0
1,1,1,3,4,2,64.0
4,8,5,4,3,5,967.0
2,4,2,4,6,5,250.0
1,1,1,3,4,2,70.0
1,1,1,3,1,2,69.0
1,2,1,3,5,2,120.0
2,4,3,4,6,4,101.0
1,2,1,4,6,4,250.0
1,2,1,4,6,4,127.0
1,2,1,3,5,2,113.0
1,1,1,3,4,2,70.0
1,2,1,4,6,4,109.0
4,7,4,4,3,5,1490.0
2,2,2,4,6,4,750.0
1,2,1,3,5,2,105.0
1,2,1,4,6,5,82.0
1,2,1,4,6,5,237.0
1,3,2,3,5,2,56.0
2,5,4,4,6,5,120.0
4,6,5,4,6,5,220.0
4,7,4,4,3,5,729.0
3,6,4,4,3,5,570.0
1,4,4,1,2,1,28.0
3,6,3,4,3,5,330.0
1,6,6,1,4,1,17.0
4,7,4,4,3,5,500.0
2,4,2,4,3,4,350.0
1,2,1,4,6,4,135.0
3,8,5,4,3,4,250.0
3,8,3,4,3,4,250.0
3,8,6,4,6,5,839.0
1,1,1,3,4,2,75.0
1,2,1,4,6,4,120.0
3,6,3,4,3,5,550.0
2,7,5,4,6,4,86.0
2,5,3,4,6,4,170.0
1,2,1,4,6,4,275.0
1,5,3,3,5,2,170.0
1,2,1,4,6,4,70.0
1,4,2,4,6,4,128.0
3,7,4,4,6,5,154.0
3,4,4,4,6,5,98.0
5,8,4,4,3,5,600.0
1,2,1,4,6,4,150.0
1,2,1,4,6,4,150.0
5,9,5,4,3,5,900.0
2,4,2,4,6,4,299.0
1,2,1,3,6,3,168.0
1,2,1,3,6,3,188.0
1,2,1,4,6,4,149.0
1,2,1,4,6,4,150.0
1,2,1,4,6,4,150.0
1,2,1,4,6,4,150.0
1,2,1,4,6,4,100.0
2,4,2,4,6,4,594.0
3,6,3,4,3,5,490.0
4,7,4,4,3,5,420.0
3,6,4,4,6,5,280.0
1,2,1,4,6,4,195.0
4,8,4,4,3,5,798.0
2,4,3,4,6,5,113.0
1,2,1,4,6,5,79.0
1,2,1,4,6,5,171.0
5,11,7,4,3,5,1500.0
2,10,3,4,3,4,109.0
1,4,1,4,6,4,133.0
1,3,1,4,6,4,180.0
2,4,2,4,3,4,300.0
1,2,1,3,5,2,65.0
1,4,2,4,6,4,185.0
4,8,4,4,3,5,903.0
4,6,4,4,3,4,700.0
3,7,5,4,3,4,370.0
2,5,5,4,1,5,101.0
1,2,1,4,6,4,104.0
3,5,3,4,3,4,490.0
3,7,4,4,3,4,398.0
1,3,3,4,6,5,115.0
3,6,3,4,3,5,539.0
2,6,3,4,3,5,169.0
1,2,1,4,6,4,139.0
1,2,1,4,6,4,65.0
1,2,1,4,6,4,185.0
1,2,1,4,6,4,185.0
1,2,1,4,6,4,185.0
1,2,1,4,6,4,62.0
1,2,2,4,6,4,77.0
1,2,2,4,6,4,72.0
1,3,2,4,6,4,90.0
1,2,1,4,6,4,150.0
1,2,1,4,6,4,350.0
1,1,1,3,4,2,52.0
1,2,1,4,6,4,155.0
3,6,5,4,3,4,795.0
1,2,1,4,6,4,58.0
2,4,2,4,3,4,920.0
1,2,1,4,6,4,149.0
3,6,3,4,3,4,1070.0
3,6,3,4,3,4,956.0
1,6,6,1,4,1,67.0
3,2,1,3,2,2,80.0
1,6,6,1,4,1,17.0
1,6,6,1,4,1,17.0
2,4,2,4,6,5,350.0
4,8,4,4,3,5,1064.0
2,5,4,4,6,4,438.0
1,2,1,4,6,4,289.0
2,5,2,4,3,4,485.0
3,6,4,4,3,4,277.0
3,6,3,4,3,5,624.0
1,4,1,4,6,5,129.0
1,2,1,3,6,2,55.0
2,4,2,4,6,5,160.0
2,5,3,4,3,4,399.0
2,4,2,4,6,5,200.0
1,2,1,3,4,2,33.0
1,1,1,3,4,2,25.0
2,5,4,4,6,4,215.0
1,4,1,4,6,4,109.0
2,4,3,4,6,4,321.0
1,16,2,3,4,2,46.0
3,6,3,4,3,5,1602.0
3,6,3,4,6,5,315.0
4,9,4,4,3,5,1100.0
3,6,5,4,3,5,200.0
4,7,4,4,3,5,1400.0
1,3,2,4,6,5,130.0
2,4,2,4,6,4,157.0
1,2,1,4,6,4,185.0
1,3,2,1,4,1,20.0
1,1,2,3,4,2,50.0
1,2,1,3,4,2,46.0
1,2,1,4,6,5,209.0
1,3,4,4,6,4,200.0
2,4,2,4,6,4,100.0
1,2,2,3,2,2,40.0
1,2,1,4,6,4,88.0
3,4,2,4,6,5,250.0
1,2,2,4,6,4,89.0
2,4,2,4,3,4,400.0
2,3,2,4,6,5,130.0
1,2,1,3,5,2,89.0
2,4,2,4,3,4,288.0
2,4,3,4,6,5,250.0
2,3,2,4,6,4,84.0
3,3,3,4,6,4,68.0
2,3,2,4,6,4,119.0
2,4,2,4,6,5,250.0
1,2,1,4,6,4,229.0
2,4,2,4,6,4,541.0
2,4,2,4,6,4,329.0
2,4,1,4,6,4,523.0
2,6,2,4,3,4,367.0
1,7,6,3,4,2,300.0
1,2,1,4,4,2,59.0
1,2,1,4,6,4,102.0
2,6,2,4,6,4,324.0
1,2,2,4,6,4,123.0
1,2,1,4,6,4,85.0
1,1,1,2,6,3,43.0
3,7,4,4,3,5,270.0
4,8,4,4,3,5,523.0
1,2,1,4,6,4,200.0
2,6,4,4,6,4,255.0
1,2,1,3,3,2,1200.0
1,1,1,3,4,2,70.0
1,5,4,4,6,4,219.0
5,10,5,4,3,5,950.0
1,2,1,4,6,4,2500.0
1,3,1,4,6,4,85.0
1,2,1,4,6,4,149.0
1,2,2,4,6,5,149.0
3,8,3,4,3,5,232.0
1,4,2,4,6,4,163.0
3,7,3,4,3,5,295.0
1,3,1,4,6,4,196.0
5,10,5,4,3,5,650.0
2,5,1,4,3,4,250.0
1,4,1,4,6,4,215.0
3,6,3,4,3,4,275.0
1,2,1,3,5,2,73.0
2,5,4,4,6,4,323.0
1,2,1,4,6,4,150.0
1,2,1,3,4,2,105.0
2,4,2,4,6,4,330.0
2,6,2,4,6,4,236.0
4,8,7,4,3,5,1650.0
1,2,2,4,6,4,150.0
4,10,6,4,3,5,574.0
4,8,4,4,3,5,1240.0
1,2,1,3,2,2,33.0
2,4,2,4,3,4,241.0
1,1,1,3,4,2,65.0
3,6,4,4,3,4,381.0
2,6,3,4,6,4,850.0
3,6,4,4,3,5,912.0
3,5,4,4,6,5,200.0
1,2,1,4,6,4,384.0
6,10,7,4,3,5,466.0
1,1,1,3,5,2,70.0
2,4,2,4,6,4,250.0
2,4,3,3,5,2,38.0
3,6,5,4,3,5,179.0
1,2,1,4,6,4,110.0
1,3,2,4,6,4,250.0
4,8,5,4,3,5,1700.0
1,2,1,3,5,2,78.0
2,4,3,4,6,5,600.0
1,2,1,3,4,2,40.0
1,2,1,4,6,4,89.0
3,9,3,4,6,5,220.0
1,4,2,4,6,4,388.0
1,3,2,4,6,5,79.0
2,3,2,4,6,4,289.0
1,4,2,4,6,4,353.0
1,2,1,4,6,4,300.0
1,2,1,4,6,4,330.0
2,4,2,4,3,4,215.0
2,4,2,4,6,4,414.0
4,8,5,4,3,5,1693.0
2,6,3,4,3,4,635.0
2,4,2,4,6,4,236.0
4,11,6,4,3,5,230.0
1,3,1,4,6,4,80.0
1,2,2,4,6,4,225.0
1,2,1,4,6,4,130.0
1,2,1,4,6,4,111.0
2,4,2,4,3,4,334.0
1,2,2,4,6,5,110.0
1,4,1,4,6,4,129.0
1,3,2,4,6,4,160.0
1,1,1,3,4,2,59.0
1,3,1,3,4,2,70.0
1,2,1,3,3,2,51.0
1,2,1,3,5,2,75.0
1,2,1,4,6,4,120.0
2,5,3,4,6,5,190.0
1,2,1,4,6,5,129.0
1,2,1,4,6,5,95.0
3,10,7,4,3,4,436.0
4,7,4,4,3,5,350.0
1,2,1,4,6,5,121.0
1,3,2,3,2,2,32.0
1,2,2,4,6,5,200.0
1,2,2,4,6,4,149.0
2,4,2,2,6,3,402.0
1,4,1,2,5,3,349.0
1,2,1,2,4,3,329.0
2,4,2,2,3,3,419.0
2,4,2,4,6,4,199.0
4,8,6,4,3,5,429.0
3,6,4,4,6,5,206.0
1,3,1,4,6,4,191.0
1,4,2,4,3,4,150.0
1,2,1,4,6,4,100.0
1,2,1,3,5,2,77.0
1,2,1,4,6,4,140.0
1,2,1,3,2,2,139.0
1,2,1,4,6,4,129.0
2,4,3,4,6,4,246.0
1,4,3,4,6,4,96.0
1,2,1,3,4,2,85.0
1,2,1,4,6,4,150.0
1,2,1,4,6,5,99.0
1,4,2,4,6,4,197.0
1,2,1,4,6,4,166.0
3,5,3,4,6,5,321.0
3,7,3,4,3,5,321.0
1,2,2,4,6,4,120.0
1,2,2,3,6,2,48.0
2,4,2,4,3,4,165.0
1,1,1,3,4,2,39.0
2,5,3,4,3,4,468.0
2,6,4,4,6,4,271.0
1,4,2,2,6,3,243.0
1,2,2,2,6,3,213.0
3,6,3,4,3,4,885.0
2,4,2,4,3,4,192.0
1,2,1,3,4,2,59.0
1,2,1,2,5,3,118.0
1,2,1,4,6,4,249.0
3,8,4,4,3,5,950.0
1,2,1,4,6,4,379.0
4,7,4,4,3,5,850.0
1,4,2,4,6,4,179.0
2,6,3,4,3,4,148.0
1,2,1,3,4,2,69.0
2,4,2,4,3,4,153.0
1,5,3,4,6,4,217.0
2,4,2,4,3,4,411.0
2,4,2,4,3,4,424.0
1,2,1,4,6,5,160.0
1,2,1,3,5,2,150.0
2,3,2,4,6,4,118.0
2,5,3,4,6,4,201.0
1,2,1,3,5,3,129.0
1,2,2,2,5,3,173.0
1,2,1,2,5,3,152.0
5,12,6,4,3,5,663.0
1,3,1,4,6,6,93.0
1,2,1,2,5,3,124.0
1,2,1,2,5,3,141.0
1,2,6,3,5,2,114.0
1,2,1,2,6,3,236.0
1,1,1,3,4,2,58.0
1,4,2,2,6,3,266.0
1,2,1,4,6,4,230.0
1,2,1,4,6,4,233.0
1,2,1,4,6,4,257.0
1,2,1,4,6,4,259.0
1,2,1,4,6,4,233.0
1,2,1,4,6,4,242.0
2,4,2,4,6,4,113.0
2,4,2,4,6,4,236.0
2,5,3,4,6,4,280.0
1,4,2,4,6,4,173.0
2,4,2,4,3,4,150.0
1,2,1,4,2,3,59.0
1,2,1,3,2,3,59.0
1,2,1,3,5,2,110.0
1,3,1,4,6,4,139.0
2,4,4,4,6,5,109.0
1,2,1,3,2,3,49.0
1,2,2,2,5,3,151.0
1,2,2,2,5,3,153.0
1,2,2,2,5,3,140.0
1,4,2,2,5,3,176.0
1,2,2,2,5,3,125.0
1,3,2,2,5,3,171.0
1,2,1,2,5,3,151.0
1,1,1,4,4,2,44.0
1,1,1,2,5,3,124.0
1,2,1,2,5,3,131.0
1,3,2,2,5,3,184.0
1,2,1,3,4,2,95.0
4,16,15,4,3,5,320.0
2,4,2,4,6,4,102.0
1,2,1,3,5,2,69.0
1,1,2,3,4,2,62.0
1,3,2,4,6,4,119.0
1,2,1,4,6,4,100.0
1,2,1,4,6,4,165.0
3,6,3,4,6,5,475.0
1,2,2,2,6,3,328.0
1,4,2,4,6,5,136.0
1,2,1,2,6,3,233.0
1,2,2,2,5,3,178.0
1,2,2,2,5,3,216.0
1,2,2,2,5,3,144.0
1,4,1,4,6,5,1000.0
1,3,3,2,5,3,144.0
1,1,1,2,4,3,109.0
1,2,1,2,5,3,154.0
1,2,1,4,6,4,90.0
1,1,1,3,4,2,50.0
2,6,3,4,6,4,128.0
2,8,5,4,6,6,300.0
1,2,1,3,5,2,55.0
5,8,5,4,3,5,2040.0
1,2,1,2,5,3,161.0
1,2,1,2,5,3,148.0
1,2,1,2,5,3,150.0
1,2,2,2,5,3,147.0
1,2,1,4,6,4,229.0
3,8,4,4,3,5,600.0
4,12,9,4,3,5,336.0
1,1,1,3,4,2,59.0
1,4,2,4,6,4,120.0
1,3,1,4,6,4,160.0
1,2,1,4,6,5,114.0
3,7,3,4,3,5,350.0
1,4,3,3,6,2,79.0
1,1,1,3,4,2,50.0
1,1,1,3,4,2,50.0
1,1,1,3,4,2,70.0
1,1,1,3,6,2,70.0
2,4,2,4,3,4,250.0
2,4,3,4,6,5,350.0
2,4,2,4,6,4,500.0
1,1,1,3,6,2,200.0
1,3,2,3,5,2,120.0
3,8,3,4,3,4,361.0
2,4,2,4,6,4,692.0
2,4,2,4,6,4,229.0
1,4,2,4,6,4,191.0
1,2,2,3,5,2,110.0
2,5,3,4,3,4,454.0
1,2,1,4,6,4,255.0
1,2,1,4,6,4,89.0
2,4,2,4,3,4,450.0
1,2,1,4,6,5,140.0
3,7,4,4,3,5,412.0
2,6,4,4,6,4,253.0
1,2,1,4,6,5,149.0
1,2,1,4,6,4,163.0
1,2,1,4,6,4,249.0
1,1,2,4,6,5,150.0
1,2,1,3,6,2,100.0
4,8,5,4,3,5,797.0
2,4,3,4,3,4,203.0
2,6,2,4,6,4,106.0
1,2,1,4,6,4,305.0
3,8,4,4,3,5,1250.0
2,4,3,4,3,4,220.0
5,10,5,4,3,5,613.0
3,6,4,4,3,5,250.0
1,2,1,4,6,4,65.0
1,2,1,3,4,2,60.0
1,1,1,3,4,2,55.0
4,8,5,4,3,5,586.0
1,4,2,4,6,4,163.0
1,2,1,4,6,5,130.0
1,2,1,3,4,2,51.0
2,4,2,3,5,2,210.0
1,4,1,4,6,4,150.0
2,4,1,4,6,5,480.0
1,2,1,4,6,5,83.0
1,2,1,4,6,5,195.0
1,1,1,3,4,2,50.0
5,9,5,4,3,5,603.0
2,4,2,3,3,2,130.0
1,1,1,3,5,2,80.0
1,2,1,4,6,4,180.0
1,2,1,4,6,4,280.0
2,5,2,4,6,4,159.0
1,2,1,4,6,4,340.0
2,4,2,4,3,4,177.0
3,6,4,4,3,5,620.0
4,5,4,4,3,4,320.0
1,2,1,4,6,4,163.0
1,5,2,4,6,4,190.0
1,4,3,4,6,4,163.0
1,1,2,1,1,1,107.0
2,4,2,4,6,4,110.0
3,6,3,4,3,5,243.0
1,2,1,3,4,2,49.0
1,2,2,4,6,5,193.0
1,2,1,3,2,2,152.0
3,6,4,4,3,4,487.0
1,2,1,3,4,2,61.0
2,4,3,4,6,5,299.0
1,2,1,2,6,3,253.0
2,4,2,2,6,3,552.0
3,7,3,2,6,3,739.0
1,2,1,2,5,3,292.0
1,5,4,4,6,5,105.0
1,2,1,4,6,5,63.0
1,2,1,3,5,2,48.0
1,2,1,3,2,2,64.0
1,3,2,4,6,5,90.0
1,4,2,4,6,4,115.0
1,2,1,4,6,4,250.0
2,6,2,4,3,4,218.0
1,2,2,4,6,5,95.0
1,6,1,4,6,4,500.0
1,3,2,4,6,5,75.0
1,1,1,3,4,2,32.0
1,4,1,4,6,4,248.0
1,2,1,4,6,4,65.0
1,3,2,4,6,5,85.0
1,4,1,4,6,4,137.0
1,3,2,3,5,3,248.0
2,4,2,4,3,5,800.0
1,2,1,4,6,5,216.0
1,2,1,4,6,4,200.0
1,2,1,4,6,4,209.0
1,2,1,4,6,4,118.0
4,7,6,4,3,5,90.0
1,2,1,4,6,5,82.0
1,2,1,3,4,2,35.0
1,2,1,4,6,5,105.0
1,2,1,4,6,5,109.0
3,6,4,4,3,5,396.0
1,2,1,3,4,2,55.0
3,6,5,4,6,5,543.0
1,4,3,4,6,4,151.0
1,2,1,3,5,2,68.0
3,8,4,4,3,5,363.0
1,3,2,3,4,2,79.0
2,5,3,4,6,4,265.0
1,2,1,3,4,2,55.0
2,7,4,4,6,4,90.0
1,1,1,3,2,2,56.0
2,4,3,4,6,4,314.0
1,2,1,4,6,4,200.0
1,1,1,3,4,2,35.0
1,3,2,4,6,4,109.0
1,2,1,4,6,5,80.0
1,4,2,4,6,4,252.0
2,6,2,4,6,4,173.0
3,6,4,4,3,4,123.0
1,2,1,4,6,4,96.0
2,4,2,4,3,4,455.0
1,2,1,4,6,4,276.0
1,1,1,3,4,2,40.0
1,2,1,3,4,2,69.0
1,4,2,4,6,4,125.0
1,2,1,4,6,4,120.0
2,4,2,4,6,5,700.0
1,2,1,3,4,2,48.0
1,2,1,3,4,2,42.0
3,5,3,4,3,4,203.0
1,2,1,4,6,4,557.0
2,4,2,4,3,4,269.0
1,2,1,3,5,2,242.0
1,3,1,3,4,2,58.0
1,2,1,2,5,3,250.0
1,3,2,3,4,2,58.0
1,1,1,3,4,2,35.0
1,4,1,3,4,2,45.0
1,2,2,4,6,4,120.0
1,2,1,2,2,4,105.0
1,2,2,2,2,3,118.0
1,3,1,3,5,2,90.0
1,2,1,4,6,4,125.0
1,2,1,3,5,2,96.0
1,6,3,4,6,4,150.0
2,5,3,4,6,5,343.0
2,4,2,4,6,4,251.0
3,6,3,4,3,4,643.0
2,4,2,4,6,4,250.0
3,7,3,4,3,5,326.0
1,2,1,4,6,5,60.0
1,2,1,2,4,3,137.0
1,2,1,3,2,3,64.0
2,4,2,4,6,5,164.0
3,6,3,4,3,5,725.0
1,1,1,3,4,2,49.0
1,2,1,4,6,4,180.0
1,1,1,3,4,2,45.0
1,2,1,4,6,4,175.0
2,5,3,4,6,5,258.0
2,4,3,3,5,2,90.0
1,2,1,4,6,4,180.0
1,2,2,4,6,4,170.0
1,3,2,4,6,4,120.0
1,2,1,4,6,5,159.0
1,2,2,4,6,4,321.0
2,4,3,4,6,4,150.0
1,2,1,4,6,4,129.0
5,10,5,4,3,5,771.0
1,2,1,4,6,4,149.0
1,2,1,4,6,4,110.0
1,4,3,4,6,4,180.0
3,6,3,4,3,5,579.0
1,4,2,4,6,4,155.0
1,4,1,4,6,4,129.0
1,4,2,4,6,4,1000.0
1,2,1,4,6,4,97.0
1,3,2,4,6,4,140.0
2,5,3,4,6,5,951.0
1,1,1,3,4,2,25.0
2,4,3,4,3,5,770.0
3,4,3,4,3,5,138.0
4,7,4,4,3,5,475.0
1,2,1,4,6,4,250.0
1,2,1,3,4,2,35.0
1,1,1,3,4,2,45.0
1,2,1,3,5,3,188.0
1,2,1,4,6,4,178.0
1,2,1,3,4,2,75.0
1,2,1,4,6,5,135.0
2,4,2,4,3,4,364.0
1,2,1,4,6,5,125.0
1,2,1,3,6,2,141.0
1,2,1,4,6,4,178.0
1,2,1,3,5,3,220.0
1,2,1,3,5,3,154.0
1,4,1,3,5,3,256.0
1,4,1,3,5,3,172.0
1,3,2,3,5,3,143.0
1,3,2,3,5,3,201.0
1,2,1,3,4,2,61.0
1,2,1,3,5,2,39.0
1,2,1,4,6,5,250.0
1,2,1,4,6,5,94.0
1,2,1,4,6,5,123.0
1,2,1,4,6,5,46.0
1,2,1,3,4,2,42.0
1,2,1,3,4,2,95.0
2,4,2,3,4,2,175.0
1,1,1,2,4,4,123.0
1,2,2,2,4,3,161.0
1,4,2,2,4,3,166.0
1,1,1,2,4,3,114.0
1,2,1,4,6,5,85.0
1,1,1,2,4,3,131.0
1,3,1,4,6,4,130.0
1,2,1,4,6,4,179.0
1,2,1,2,4,3,148.0
1,3,2,2,4,3,149.0
1,2,1,4,6,4,110.0
2,4,5,4,6,4,195.0
1,3,2,2,5,3,204.0
1,4,1,4,6,4,115.0
1,2,1,2,5,3,215.0
1,2,1,3,4,2,68.0
4,10,6,4,3,5,507.0
2,4,2,4,3,4,1000.0
3,6,3,4,3,4,562.0
1,2,1,4,6,4,170.0
1,2,1,4,6,4,140.0
1,2,1,3,4,2,70.0
1,2,1,4,6,4,200.0
1,1,1,3,4,2,44.0
1,3,2,4,6,4,100.0
2,4,2,4,6,4,175.0
1,2,1,4,6,6,275.0
1,3,3,4,6,4,127.0
1,2,1,4,6,5,80.0
1,1,1,3,4,2,54.0
1,2,1,4,6,4,129.0
2,6,3,4,6,4,294.0
2,4,2,4,6,4,300.0
5,11,6,4,3,5,401.0
2,4,2,4,3,4,199.0
1,2,1,3,4,4,80.0
1,2,1,4,6,4,171.0
1,2,2,3,4,2,40.0
1,2,1,4,6,4,178.0
1,2,1,3,4,2,50.0
1,2,1,4,6,4,205.0
2,4,3,4,6,4,220.0
2,4,2,4,6,4,230.0
4,10,6,4,3,5,436.0
1,4,1,3,4,2,54.0
4,8,6,4,3,5,2570.0
1,2,1,3,5,2,51.0
1,2,1,3,5,2,95.0
3,6,5,4,3,4,260.0
2,4,2,4,6,4,144.0
2,4,2,4,6,4,224.0
2,4,2,4,6,5,190.0
1,4,1,4,6,4,135.0
2,2,2,3,5,2,120.0
4,8,4,4,3,5,1450.0
1,2,1,3,5,2,80.0
1,2,1,4,6,5,67.0
2,6,3,4,6,4,118.0
1,3,2,4,6,4,80.0
4,8,4,4,3,5,1100.0
2,2,2,4,6,5,96.0
1,3,2,3,5,2,160.0
1,2,1,4,6,4,179.0
1,2,1,4,6,4,178.0
1,4,1,4,6,4,175.0
2,4,3,4,3,4,500.0
2,5,8,4,3,4,550.0
1,2,1,4,6,4,146.0
1,3,1,4,6,4,253.0
2,4,3,4,3,4,443.0
1,2,1,3,4,2,47.0
1,2,1,4,6,5,102.0
3,7,5,4,3,4,750.0
3,7,4,4,3,4,781.0
2,4,2,4,6,4,668.0
2,4,2,4,6,4,314.0
1,2,1,3,5,2,192.0
3,6,4,4,3,5,1595.0
1,3,1,4,6,4,169.0
1,2,1,4,6,4,275.0
2,4,2,4,6,4,143.0
1,2,1,3,3,2,45.0
5,10,6,4,3,5,680.0
2,4,2,4,3,4,400.0
3,8,1,4,3,5,1155.0
4,8,5,4,3,4,400.0
1,2,1,4,6,4,144.0
1,2,1,3,4,2,68.0
2,4,2,4,3,4,379.0
1,2,1,4,6,4,71.0
1,1,2,3,4,2,33.0
1,2,1,3,4,2,105.0
1,4,1,4,6,4,140.0
1,1,2,3,4,2,50.0
2,4,2,4,3,4,200.0
3,6,1,4,3,4,727.0
1,4,1,4,6,4,129.0
1,2,1,3,5,2,95.0
2,4,2,4,6,4,209.0
2,6,5,4,6,5,674.0
4,5,4,4,3,5,450.0
3,6,3,4,6,4,146.0
2,4,2,4,6,4,115.0
4,8,6,4,3,5,424.0
3,6,4,4,3,5,310.0
3,6,3,4,3,4,800.0
3,6,4,4,3,5,580.0
1,2,1,3,5,2,40.0
1,2,1,4,6,4,163.0
2,4,2,4,3,4,700.0
2,6,4,4,3,4,161.0
1,2,1,4,6,4,110.0
2,4,2,4,6,4,165.0
3,7,4,4,6,4,550.0
3,6,3,4,3,4,700.0
6,1,2,3,2,2,50.0
1,2,1,3,5,2,85.0
1,2,1,3,4,2,36.0
1,2,1,4,6,4,92.0
1,3,2,4,6,4,250.0
1,3,2,4,6,4,110.0
4,10,5,4,3,5,261.0
1,4,2,3,2,2,40.0
2,6,6,4,3,5,514.0
1,3,1,3,2,2,40.0
3,8,6,4,3,5,411.0
1,2,1,4,6,4,108.0
1,2,1,3,4,2,34.0
1,2,1,4,6,4,135.0
1,4,1,4,6,4,136.0
3,6,4,4,3,4,1450.0
1,2,1,4,6,4,160.0
2,6,2,4,6,4,149.0
1,2,2,4,6,4,230.0
2,4,2,4,3,4,350.0
1,1,1,4,6,5,65.0
1,2,1,4,6,4,106.0
3,8,4,4,6,5,490.0
1,2,2,4,6,5,110.0
1,3,2,4,6,5,182.0
3,6,3,4,6,5,295.0
3,6,4,4,6,4,240.0
1,2,1,3,4,2,38.0
1,2,1,4,6,4,130.0
1,4,2,4,6,5,78.0
3,8,6,4,3,5,514.0
5,13,8,4,3,5,350.0
3,6,3,4,3,4,800.0
4,8,5,4,3,5,897.0
2,6,3,4,3,4,147.0
3,7,4,4,3,4,565.0
1,2,1,4,6,4,81.0
1,4,2,4,6,4,167.0
1,2,1,4,6,4,84.0
4,8,4,4,3,5,3800.0
1,2,1,3,2,2,28.0
1,1,1,3,6,2,52.0
1,1,2,3,2,2,48.0
1,2,1,3,2,3,45.0
3,4,3,4,3,5,500.0
1,2,1,3,5,2,85.0
1,4,2,4,6,4,151.0
2,3,2,4,6,4,180.0
1,2,1,4,6,4,161.0
2,4,2,4,6,4,141.0
1,4,2,4,6,5,110.0
1,4,1,2,4,3,150.0
1,2,1,2,4,3,140.0
1,2,1,2,6,3,190.0
2,5,3,4,6,4,388.0
2,5,3,4,6,4,189.0
1,2,1,4,6,4,135.0
2,5,3,4,6,4,269.0
1,1,1,3,4,2,75.0
2,4,2,4,6,4,500.0
2,3,2,4,3,4,120.0
2,4,2,4,6,4,550.0
3,6,3,4,3,4,171.0
2,4,2,4,6,4,575.0
1,1,1,3,4,2,46.0
1,2,1,3,4,2,55.0
4,6,3,4,3,4,4000.0
3,11,5,4,3,5,271.0
1,4,1,4,6,4,250.0
3,6,4,4,6,5,293.0
2,4,2,4,6,4,371.0
2,5,5,4,6,5,82.0
2,6,5,4,3,4,239.0
1,4,3,4,6,4,119.0
2,5,3,4,6,5,179.0
1,2,1,3,2,2,41.0
1,2,1,3,2,2,43.0
1,3,1,3,5,2,56.0
1,2,1,3,2,2,42.0
1,2,1,3,2,2,35.0
1,2,1,3,2,3,59.0
2,5,3,4,3,4,172.0
1,3,2,3,2,2,54.0
1,2,2,3,4,2,65.0
1,2,1,4,6,4,208.0
1,2,2,4,6,5,179.0
1,2,1,3,4,2,59.0
1,2,1,4,6,4,174.0
2,4,2,4,6,4,190.0
2,4,3,4,3,4,177.0
2,5,2,4,3,4,400.0
2,7,2,4,6,4,84.0
2,4,2,4,6,5,264.0
3,6,3,4,3,4,102.0
1,3,1,4,6,4,100.0
2,6,3,4,3,4,140.0
3,4,3,4,3,5,180.0
1,2,1,4,6,4,123.0
2,5,2,4,6,5,250.0
1,2,1,4,6,4,200.0
2,4,2,4,6,5,250.0
2,4,2,4,6,5,189.0
1,2,2,3,4,2,49.0
5,10,7,4,3,5,2300.0
1,2,2,4,6,5,90.0
1,2,1,2,4,3,158.0
2,6,2,4,3,4,248.0
2,2,2,4,6,4,130.0
1,3,2,4,6,4,121.0
1,4,2,4,6,4,258.0
1,4,3,4,6,4,135.0
3,10,4,4,3,5,499.0
1,2,1,4,6,4,186.0
1,2,1,4,6,4,283.0
1,3,1,3,5,4,150.0
2,6,3,4,3,4,152.0
1,2,1,3,5,2,50.0
2,4,2,4,3,4,330.0
1,2,1,4,6,5,65.0
1,2,1,4,6,5,100.0
2,6,3,4,3,4,144.0
1,3,2,3,1,4,74.0
1,1,1,1,1,1,31.0
1,2,1,3,1,2,84.0
1,1,1,1,1,1,25.0
1,1,1,1,4,1,33.0
1,1,1,1,4,1,30.0
3,6,3,4,3,4,190.0
1,1,2,3,4,2,38.0
1,2,1,3,4,2,22.0
1,2,1,4,6,4,199.0
1,4,2,4,6,4,145.0
1,2,1,4,6,4,170.0
3,6,4,4,3,5,460.0
1,3,1,4,6,3,575.0
1,3,1,4,6,3,575.0
1,5,2,4,6,3,631.0
1,3,1,4,6,3,508.0
1,3,2,4,6,3,508.0
2,4,2,4,6,4,244.0
2,5,2,4,3,3,875.0
2,5,2,4,3,3,875.0
2,5,2,4,3,3,875.0
3,7,3,4,3,3,1117.0
3,7,3,4,3,3,1117.0
3,7,3,4,3,3,1117.0
3,8,3,4,3,3,1581.0
4,7,4,4,3,5,1000.0
2,5,3,4,3,4,490.0
4,8,6,4,3,5,1050.0
1,2,1,3,2,3,59.0
1,2,3,4,6,5,61.0
1,2,1,4,6,4,103.0
2,5,3,4,3,4,328.0
2,5,2,4,3,4,300.0
1,1,1,3,5,2,85.0
3,12,9,4,6,5,149.0
2,6,3,4,3,4,147.0
1,2,1,3,2,3,79.0
1,2,1,3,4,2,49.0
3,4,3,4,3,5,222.0
1,2,1,3,4,2,99.0
2,4,2,4,6,5,115.0
4,7,5,4,3,5,414.0
6,6,3,4,3,5,150.0
3,8,3,4,3,4,211.0
3,6,3,4,6,5,146.0
1,2,1,4,6,5,140.0
1,2,1,3,2,2,100.0
1,6,6,3,6,2,180.0
1,1,1,3,4,2,36.0
1,4,2,4,6,4,250.0
1,1,1,3,4,2,35.0
3,6,3,4,6,5,1194.0
1,2,1,4,6,5,136.0
1,2,1,4,6,4,144.0
2,5,4,4,3,4,450.0
1,2,1,4,6,4,93.0
3,6,3,4,6,5,183.0
4,8,9,4,3,5,747.0
1,2,1,4,6,4,113.0
2,4,3,4,6,4,208.0
1,2,1,4,6,4,82.0
1,2,2,2,6,3,186.0
2,3,2,2,5,3,253.0
1,2,1,2,6,3,187.0
1,1,1,2,6,3,159.0
2,4,3,2,5,3,330.0
1,1,1,3,4,2,32.0
2,4,2,4,3,4,260.0
1,2,1,4,6,4,87.0
1,4,2,4,6,4,436.0
1,4,2,4,6,4,165.0
1,2,1,4,6,4,170.0
1,1,2,4,6,5,65.0
3,7,5,4,6,4,362.0
2,4,2,4,6,4,151.0
3,8,6,4,3,5,250.0
1,2,1,4,6,4,149.0
1,7,4,4,6,4,1213.0
1,2,1,3,3,2,80.0
1,2,1,2,5,3,95.0
2,4,2,4,6,4,197.0
3,8,4,4,3,4,192.0
1,2,1,4,6,4,150.0
2,4,2,4,6,4,181.0
1,2,1,4,6,4,174.0
2,4,3,4,3,4,260.0
2,5,3,4,6,4,154.0
5,11,7,4,3,5,1250.0
2,4,3,4,3,4,300.0
1,2,1,4,6,4,220.0
2,4,2,4,6,4,142.0
1,2,2,4,6,4,85.0
1,2,2,3,4,2,35.0
2,4,2,3,4,2,150.0
1,2,1,3,4,2,73.0
2,4,3,4,6,5,280.0
2,6,3,4,3,5,531.0
1,4,2,3,5,2,98.0
4,8,5,4,3,5,936.0
2,4,1,4,3,4,180.0
1,2,1,3,6,2,45.0
1,2,1,3,4,2,129.0
2,6,5,4,6,5,165.0
2,4,2,4,6,6,370.0
1,1,1,3,4,2,40.0
2,5,2,4,3,4,141.0
1,2,1,4,6,4,250.0
1,3,3,3,5,2,58.0
1,4,2,4,6,5,110.0
2,5,4,2,6,3,259.0
2,4,2,4,3,4,270.0
1,2,1,3,4,2,38.0
1,2,1,3,4,2,73.0
2,4,2,3,4,2,146.0
1,2,1,4,6,4,259.0
2,5,4,2,6,3,259.0
2,5,4,2,6,3,259.0
2,5,4,2,6,3,259.0
2,4,2,2,3,3,350.0
1,3,2,2,5,3,105.0
2,3,2,4,6,4,123.0
2,4,2,4,6,4,129.0
1,2,2,3,4,2,40.0
1,2,1,3,5,2,50.0
1,2,1,2,5,3,95.0
1,1,1,3,5,2,70.0
1,2,1,3,5,2,48.0
2,6,3,4,6,5,219.0
1,2,1,3,2,2,30.0
1,2,1,4,6,4,99.0
2,4,2,4,6,5,109.0
5,13,11,4,3,5,340.0
3,6,3,4,3,4,493.0
1,2,1,2,5,3,95.0
1,2,1,4,6,4,95.0
3,6,3,4,6,4,115.0
5,10,5,4,3,5,2070.0
3,6,3,4,3,5,500.0
2,4,2,4,3,5,148.0
3,6,3,4,3,5,375.0
2,6,6,4,6,4,289.0
1,2,1,3,4,3,229.0
1,2,1,3,4,3,200.0
2,4,2,3,2,3,419.0
2,6,3,4,6,4,141.0
2,4,3,4,6,4,137.0
2,6,4,4,6,6,200.0
2,6,2,4,3,4,304.0
3,7,4,4,3,4,205.0
1,4,2,4,6,5,67.0
4,6,4,4,3,5,175.0
1,2,1,4,6,4,122.0
1,2,1,3,4,2,64.0
3,11,8,4,3,5,170.0
5,10,5,4,3,5,357.0
2,5,4,4,6,4,100.0
1,1,1,3,4,2,149.0
2,4,3,4,3,4,250.0
2,5,3,4,6,4,181.0
1,1,1,3,4,2,45.0
2,6,3,4,3,4,149.0
1,3,2,4,6,4,190.0
1,2,1,4,6,5,114.0
1,3,2,4,6,5,85.0
3,5,4,4,3,4,125.0
1,2,1,4,6,4,138.0
3,5,2,4,3,4,445.0
1,2,1,4,6,4,169.0
1,2,1,4,5,3,170.0
1,2,1,4,6,4,182.0
4,8,6,4,3,5,764.0
2,4,3,4,3,4,345.0
4,5,4,4,3,5,250.0
1,2,1,4,6,5,90.0
1,4,1,4,6,4,182.0
2,4,2,4,3,4,105.0
1,2,1,4,6,5,96.0
2,4,2,4,6,4,314.0
2,4,3,4,3,4,185.0
5,8,5,4,3,5,950.0
1,2,1,4,6,5,130.0
2,4,2,4,6,5,200.0
3,8,3,4,3,4,1581.0
1,2,1,4,6,4,146.0
5,10,6,4,3,5,688.0
1,2,1,4,6,4,198.0
1,2,1,4,6,4,200.0
1,1,1,3,5,2,70.0
1,1,1,3,5,2,70.0
1,2,1,3,5,2,79.0
2,4,2,4,6,4,179.0
1,2,1,4,6,4,70.0
3,5,3,4,6,5,125.0
2,5,2,4,6,4,179.0
1,2,1,3,5,2,79.0
1,1,1,3,5,2,70.0
1,2,1,3,5,2,79.0
1,2,1,3,5,2,79.0
3,6,4,4,3,4,1020.0
2,4,3,4,6,4,444.0
1,2,1,3,4,2,40.0
1,2,1,4,6,4,182.0
1,2,1,4,6,4,163.0
4,9,9,4,3,5,300.0
1,2,1,3,4,2,90.0
1,2,1,4,6,4,123.0
1,4,2,4,6,5,111.0
3,5,3,4,3,4,636.0
1,2,1,4,6,5,96.0
1,2,1,3,6,2,49.0
5,14,10,4,3,5,453.0
3,7,4,3,3,2,86.0
1,1,1,3,2,2,59.0
1,4,2,3,2,2,73.0
1,2,1,3,2,2,59.0
4,8,4,4,3,5,1329.0
1,2,1,4,5,4,85.0
1,2,1,3,5,2,85.0
1,2,1,4,6,4,109.0
1,2,1,4,6,4,104.0
3,8,4,4,3,5,1332.0
1,2,1,4,6,4,194.0
2,3,2,4,6,4,224.0
2,6,2,4,3,4,155.0
3,5,3,3,4,2,700.0
1,3,2,2,5,3,130.0
1,2,1,3,5,2,107.0
1,2,1,3,5,2,76.0
1,2,4,4,6,4,174.0
1,2,1,4,6,5,221.0
2,4,3,4,6,5,150.0
1,2,1,3,6,2,55.0
4,12,5,4,3,5,709.0
2,2,2,4,6,5,80.0
4,8,5,4,3,5,1200.0
2,5,3,4,6,4,279.0
3,7,5,4,3,4,850.0
3,11,3,4,3,5,271.0
1,3,2,3,4,2,45.0
4,7,4,4,3,5,350.0
1,2,1,3,4,2,42.0
3,6,3,4,3,4,814.0
2,3,2,4,6,5,108.0
2,4,2,3,4,2,199.0
1,4,2,4,6,4,370.0
1,2,1,4,6,4,134.0
2,4,2,4,6,5,139.0
1,2,1,4,6,4,99.0
1,3,1,4,6,4,125.0
3,6,3,4,3,5,2777.0
1,4,2,4,6,4,192.0
3,6,3,4,3,5,1000.0
3,6,3,4,3,5,1029.0
1,1,1,1,2,1,45.0
2,4,3,4,6,4,90.0
3,6,6,4,6,4,350.0
1,4,2,4,6,4,73.0
1,2,1,4,6,4,130.0
1,2,1,4,6,4,113.0
2,4,3,4,6,5,85.0
1,1,2,3,4,2,35.0
3,10,4,4,3,5,1500.0
1,2,2,4,6,5,180.0
1,2,1,4,6,6,550.0
1,2,2,4,6,5,98.0
3,8,6,4,3,5,1357.0
1,2,1,4,6,4,150.0
3,6,3,4,3,4,625.0
1,2,1,4,6,4,213.0
3,7,4,4,6,5,900.0
1,2,1,4,6,4,140.0
1,2,1,4,6,4,159.0
1,2,1,4,6,4,151.0
1,5,2,4,6,4,155.0
1,4,2,4,6,4,229.0
2,4,3,4,6,4,160.0
2,5,2,4,3,4,120.0
3,5,3,4,3,5,220.0
2,4,2,4,6,4,329.0
1,2,1,3,5,2,60.0
1,3,2,4,6,4,85.0
5,10,5,4,3,5,1400.0
2,6,4,4,6,4,175.0
2,7,4,4,3,4,133.0
2,6,3,4,6,4,120.0
1,2,1,3,5,2,85.0
3,6,3,4,3,4,910.0
1,3,1,4,6,4,130.0
5,9,7,4,3,5,1340.0
1,4,2,4,6,4,140.0
1,1,2,3,5,2,63.0
1,2,2,4,6,4,97.0
1,3,2,4,6,4,88.0
4,7,4,4,3,5,607.0
4,8,5,4,3,5,1000.0
3,6,3,4,3,5,700.0
3,6,4,4,3,4,260.0
1,3,2,4,6,4,110.0
2,3,2,4,3,5,125.0
1,2,1,4,6,4,312.0
1,2,1,3,3,2,99.0
1,4,5,4,6,4,190.0
2,4,1,4,3,3,689.0
1,2,1,3,2,2,90.0
2,4,3,4,6,4,429.0
1,1,2,4,6,5,180.0
2,4,2,4,6,4,202.0
1,4,1,4,6,4,179.0
1,4,2,4,6,4,75.0
2,4,3,4,3,5,280.0
1,2,1,4,6,4,90.0
1,2,1,3,4,2,48.0
1,2,1,3,5,3,250.0
1,2,1,3,5,3,166.0
1,2,1,4,6,4,107.0
1,3,1,4,6,5,64.0
1,2,1,4,6,4,280.0
1,2,1,3,6,3,129.0
1,4,2,3,6,3,159.0
1,3,2,3,6,3,144.0
1,3,1,4,6,4,253.0
1,2,1,4,6,4,149.0
2,5,2,4,3,5,214.0
1,2,1,4,6,4,169.0
1,1,1,3,4,2,40.0
2,4,3,4,3,4,218.0
1,2,1,4,6,6,125.0
1,2,1,4,6,4,200.0
4,8,5,4,3,5,1100.0
1,2,1,4,6,4,105.0
1,4,1,4,6,4,126.0
3,6,5,4,3,4,278.0
1,2,1,4,6,5,90.0
1,3,3,4,6,4,100.0
4,8,4,4,3,5,1000.0
1,2,1,4,6,4,282.0
2,4,3,4,6,4,899.0
1,2,2,4,6,4,247.0
1,3,2,4,6,4,260.0
1,2,1,4,6,4,210.0
1,2,1,4,6,4,103.0
1,3,2,4,6,4,145.0
3,6,5,4,3,4,400.0
1,4,2,4,6,5,106.0
1,2,1,4,6,4,240.0
2,3,2,3,3,2,80.0
1,4,2,3,6,2,95.0
1,1,1,3,4,2,169.0
1,3,2,3,4,2,105.0
1,2,1,4,6,4,161.0
3,6,4,4,3,5,350.0
1,3,2,4,6,5,120.0
1,2,1,3,4,2,48.0
3,5,3,4,6,5,170.0
1,3,2,4,6,5,106.0
3,4,4,4,6,5,500.0
2,4,2,4,3,4,354.0
4,8,6,4,3,5,460.0
3,6,4,4,6,5,550.0
2,4,2,4,6,4,250.0
5,8,5,4,3,5,1157.0
1,1,1,3,4,2,39.0
1,3,2,3,4,2,100.0
2,4,4,4,6,5,386.0
1,2,2,3,4,2,100.0
1,2,1,4,6,4,300.0
1,1,1,3,4,2,98.0
1,2,1,3,4,2,42.0
1,3,1,4,6,4,175.0
2,4,2,4,3,4,173.0
5,10,6,4,3,5,750.0
2,5,5,4,6,5,256.0
2,2,2,4,3,4,210.0
2,4,2,4,6,4,212.0
3,7,5,4,3,4,720.0
2,4,2,4,3,4,230.0
3,6,3,4,6,4,487.0
2,4,2,4,6,4,209.0
2,4,3,4,6,5,83.0
2,4,3,4,6,5,383.0
3,5,4,4,6,4,657.0
2,4,2,4,6,4,175.0
1,2,1,3,5,2,77.0
5,1,8,4,6,5,2300.0
1,2,1,3,4,2,69.0
2,4,2,4,6,4,265.0
1,2,1,3,6,2,70.0
1,2,1,4,6,4,244.0
2,5,2,4,3,4,189.0
2,4,3,4,6,4,333.0
1,2,1,4,6,4,119.0
4,8,5,4,3,5,335.0
1,2,1,4,6,5,147.0
3,8,4,4,3,5,824.0
4,8,4,4,3,5,1250.0
1,2,1,4,6,4,111.0
2,5,3,4,3,4,264.0
5,11,6,4,3,5,1125.0
1,2,1,3,4,2,51.0
1,2,1,4,6,5,99.0
1,2,1,3,4,2,39.0
1,2,1,3,5,2,55.0
2,7,3,4,3,4,137.0
1,2,1,3,4,2,39.0
1,2,1,3,4,2,40.0
3,7,5,4,3,5,350.0
4,8,5,4,3,5,1060.0
2,4,2,4,3,5,721.0
1,4,1,4,6,4,151.0
4,9,8,4,3,5,505.0
2,5,4,4,6,4,165.0
1,2,1,4,6,5,180.0
1,2,1,3,6,2,75.0
1,3,2,3,6,3,130.0
2,5,3,4,3,4,135.0
1,4,2,4,6,4,227.0
2,4,2,4,6,4,320.0
2,4,2,4,6,4,835.0
4,9,5,4,3,5,1850.0
1,3,1,4,6,4,214.0
2,4,2,4,6,4,200.0
1,1,1,3,4,2,50.0
1,4,4,4,6,4,300.0
2,4,1,4,3,4,409.0
1,2,1,4,6,5,78.0
2,4,3,4,6,4,187.0
1,2,1,4,6,4,160.0
1,2,1,4,6,4,175.0
1,5,4,3,4,2,185.0
1,2,1,3,5,2,162.0
1,2,1,3,6,3,524.0
2,6,6,4,3,5,168.0
1,2,1,3,2,2,55.0
1,2,1,4,6,4,156.0
1,2,1,3,5,2,120.0
2,4,2,4,6,5,350.0
2,6,6,4,6,4,389.0
2,4,2,4,3,4,190.0
1,2,1,3,5,2,82.0
4,8,5,4,3,5,3000.0
3,8,5,4,3,5,164.0
1,3,2,4,6,4,150.0
2,4,1,4,6,2,85.0
1,2,1,4,6,4,150.0
1,2,1,3,4,2,35.0
1,1,1,3,4,2,70.0
1,2,1,4,6,4,182.0
1,2,1,4,6,4,126.0
1,2,1,4,6,4,185.0
1,2,2,4,6,5,200.0
1,2,1,4,6,4,185.0
1,2,1,4,6,4,185.0
2,4,2,4,6,4,200.0
1,2,1,3,6,2,68.0
1,2,1,4,6,5,94.0
5,10,5,4,3,5,1500.0
2,4,2,4,6,4,175.0
2,5,4,4,6,4,232.0
2,3,2,4,6,4,295.0
1,6,4,4,6,5,304.0
4,8,4,4,3,5,190.0
2,4,2,4,3,4,150.0
2,4,2,4,6,4,450.0
2,4,3,4,6,4,115.0
1,2,1,4,6,4,96.0
1,2,1,3,6,2,79.0
1,2,1,4,6,4,200.0
2,5,3,4,6,5,361.0
3,8,6,4,3,4,360.0
4,8,4,4,3,5,800.0
2,4,2,4,6,4,314.0
2,7,3,4,3,4,123.0
1,4,2,4,6,4,182.0
1,2,1,4,6,5,145.0
1,3,2,4,6,5,108.0
1,4,2,4,6,4,116.0
1,3,2,4,6,4,169.0
1,3,2,4,6,4,214.0
2,4,2,4,6,5,300.0
2,4,2,4,6,4,254.0
1,2,1,4,6,4,250.0
5,8,6,4,3,5,402.0
2,4,3,4,6,4,178.0
2,5,2,4,6,4,100.0
2,4,3,4,6,4,187.0
2,6,3,4,3,4,409.0
2,4,2,4,3,4,399.0
1,2,1,4,6,3,328.0
1,2,1,4,6,3,328.0
1,2,1,4,6,3,383.0
1,2,1,4,6,3,383.0
1,2,1,4,6,3,383.0
1,2,1,4,6,3,328.0
1,2,1,4,6,4,150.0
1,3,2,4,6,4,144.0
1,4,2,4,6,4,122.0
6,2,6,3,2,2,100.0
4,5,6,4,3,5,800.0
3,6,3,4,3,4,285.0
1,2,1,4,6,4,150.0
1,2,1,4,6,5,150.0
1,2,1,4,6,4,150.0
5,8,5,4,3,5,650.0
1,2,3,4,6,4,206.0
1,2,3,4,6,4,202.0
1,2,1,3,4,2,45.0
2,4,2,4,3,5,450.0
3,5,5,3,2,2,60.0
1,2,1,4,6,4,193.0
2,5,3,4,6,5,102.0
1,2,1,3,5,2,60.0
2,6,5,4,6,4,298.0
1,2,1,4,6,4,140.0
2,4,3,4,6,5,250.0
1,2,2,3,4,2,38.0
1,2,1,3,6,2,55.0
3,10,6,4,6,4,200.0
1,2,2,4,6,4,90.0
1,2,1,4,6,5,265.0
4,2,1,3,2,2,39.0
1,2,1,4,6,4,160.0
2,4,2,4,6,5,310.0
2,4,2,4,3,4,159.0
3,5,4,4,6,4,348.0
2,4,3,4,1,4,376.0
1,2,2,4,6,5,205.0
1,2,1,4,6,4,52.0
3,6,4,4,6,5,280.0
1,4,2,4,6,4,158.0
3,6,4,4,3,5,1186.0
1,2,1,3,4,2,99.0
2,4,2,4,6,5,138.0
2,5,3,4,6,4,250.0
1,3,2,4,6,4,88.0
1,4,2,4,6,4,122.0
1,1,2,3,3,2,32.0
1,2,1,4,6,4,119.0
2,4,1,4,3,4,90.0
1,2,1,4,6,5,91.0
1,2,1,3,4,2,48.0
3,6,3,4,3,5,395.0
3,6,4,4,3,5,750.0
1,2,1,3,4,2,65.0
1,1,1,4,6,4,60.0
5,10,7,4,3,5,6000.0
2,5,3,4,6,4,250.0
2,4,2,4,6,4,250.0
2,4,3,4,6,4,250.0
1,2,1,3,2,2,20.0
1,2,1,4,6,5,75.0
1,3,2,4,6,4,126.0
2,5,4,4,6,5,300.0
3,6,4,4,3,5,153.0
1,4,2,4,6,4,100.0
4,8,6,4,3,5,300.0
3,6,4,4,6,4,601.0
2,4,2,4,6,4,250.0
2,3,2,4,6,4,115.0
4,2,1,3,2,2,39.0
1,2,2,4,6,4,73.0
2,4,2,4,6,4,285.0
1,2,1,4,6,4,165.0
1,2,2,3,6,4,168.0
3,5,3,4,3,4,446.0
2,3,2,4,6,4,220.0
2,4,2,4,6,4,250.0
3,8,5,4,3,5,321.0
2,4,2,4,6,4,150.0
1,3,2,4,6,4,75.0
2,4,2,4,3,4,465.0
2,4,2,4,3,4,425.0
1,2,1,4,6,4,370.0
1,4,2,4,6,4,119.0
3,6,3,4,3,4,299.0
2,4,2,4,6,5,263.0
4,8,4,4,3,5,1200.0
1,2,2,3,2,2,30.0
2,4,2,4,6,4,190.0
1,2,2,4,6,4,130.0
2,4,3,4,6,5,399.0
5,10,5,4,3,5,350.0
1,1,1,3,4,2,46.0
4,8,5,4,3,5,2300.0
3,5,4,4,3,4,477.0
3,6,4,4,3,4,800.0
3,6,3,4,3,5,450.0
1,2,1,3,4,2,42.0
1,2,1,4,6,5,130.0
3,6,3,4,3,4,186.0
3,5,3,4,3,5,108.0
4,8,5,4,3,5,1300.0
3,8,6,4,6,5,700.0
1,2,1,4,6,4,59.0
2,6,3,4,6,4,110.0
4,8,4,4,3,5,800.0
3,8,3,4,3,5,638.0
3,6,3,4,3,4,550.0
1,4,2,4,6,4,150.0
1,2,1,4,6,5,78.0
2,4,2,4,6,4,160.0
2,5,3,4,6,4,500.0
1,1,1,3,2,2,40.0
1,2,1,4,6,4,185.0
1,2,1,4,6,4,220.0
1,1,1,3,4,2,45.0
1,2,1,3,4,2,85.0
2,4,2,4,6,4,250.0
1,5,2,4,6,4,131.0
4,10,7,4,3,5,328.0
2,4,2,4,6,4,157.0
1,2,1,4,6,4,140.0
1,2,1,4,6,5,75.0
1,6,2,1,4,1,150.0
1,4,1,3,4,2,258.0
2,4,3,4,6,4,293.0
2,6,2,4,3,4,120.0
1,2,1,4,6,4,150.0
2,4,2,4,3,4,159.0
3,6,3,4,3,5,342.0
3,6,5,4,3,4,791.0
2,4,2,4,6,4,157.0
1,4,2,4,6,5,73.0
4,8,6,4,3,4,640.0
1,2,1,3,5,3,156.0
1,2,1,3,5,3,154.0
1,2,1,3,5,3,185.0
2,4,2,4,3,4,159.0
3,6,3,4,3,4,201.0
3,6,3,4,3,4,199.0
1,2,1,4,6,4,80.0
1,2,1,4,6,5,350.0
2,4,2,4,3,4,176.0
3,5,4,4,3,4,550.0
2,4,3,4,3,5,310.0
1,2,1,4,6,5,91.0
2,4,2,4,3,4,500.0
4,7,5,4,6,5,560.0
5,9,7,4,3,5,1114.0
2,4,2,4,6,4,179.0
1,2,1,3,2,2,60.0
2,4,2,4,6,4,792.0
5,10,5,4,3,5,2069.0
1,2,1,4,6,4,95.0
2,5,3,4,6,5,126.0
1,2,1,3,5,2,59.0
1,2,1,4,6,4,536.0
1,2,1,4,6,4,304.0
2,4,2,4,3,4,200.0
1,2,1,4,6,4,227.0
2,5,2,4,3,4,120.0
1,1,2,3,5,2,60.0
2,4,2,4,6,4,400.0
4,8,6,4,6,4,359.0
1,2,1,4,6,5,109.0
1,2,1,4,6,4,136.0
4,8,5,4,3,5,868.0
1,2,2,4,6,4,155.0
1,2,2,4,6,4,110.0
1,4,2,4,6,4,128.0
1,2,1,3,5,2,58.0
1,2,1,4,6,4,149.0
1,1,1,3,4,2,29.0
1,2,1,4,6,4,153.0
1,3,2,4,6,4,171.0
1,2,2,3,6,2,150.0
1,2,1,4,6,4,230.0
1,2,1,4,6,4,274.0
1,2,1,4,6,4,145.0
1,2,1,3,5,2,49.0
1,2,1,3,6,2,180.0
1,3,1,4,6,4,247.0
2,5,3,4,6,5,200.0
3,5,4,4,3,5,300.0
1,2,1,4,6,4,243.0
3,6,5,4,6,5,350.0
1,1,2,3,4,2,60.0
1,1,2,1,4,1,41.0
1,1,2,1,4,1,41.0
2,4,3,4,6,4,260.0
1,2,1,4,6,5,100.0
1,2,1,4,6,4,103.0
1,1,1,1,4,1,45.0
1,2,1,4,6,4,600.0
1,1,1,3,4,2,45.0
2,6,3,4,6,4,227.0
1,2,1,3,4,2,75.0
3,5,3,4,6,5,129.0
1,4,2,4,6,4,150.0
2,4,2,4,6,4,350.0
1,3,3,3,4,2,42.0
2,4,3,4,3,4,610.0
1,2,2,4,6,5,82.0
2,4,3,4,3,4,640.0
3,6,5,4,3,4,780.0
3,7,5,4,3,4,1040.0
1,4,2,4,6,4,105.0
2,4,2,4,3,4,754.0
3,8,6,4,3,4,192.0
3,8,6,4,3,4,262.0
1,3,2,4,6,5,493.0
1,2,1,4,6,5,107.0
6,16,11,4,3,4,506.0
2,6,3,4,3,4,485.0
3,8,6,4,3,5,990.0
1,1,1,4,6,5,88.0
1,2,2,3,5,2,70.0
1,2,1,4,6,4,74.0
2,4,2,4,6,4,300.0
2,6,3,4,3,4,122.0
1,2,1,3,6,2,83.0
2,6,4,4,6,4,198.0
4,12,6,4,3,5,398.0
1,3,1,4,6,4,116.0
1,2,1,4,6,4,126.0
1,2,2,4,6,4,100.0
2,4,3,4,3,4,134.0
1,2,1,4,6,4,162.0
2,4,3,4,3,4,130.0
2,4,2,4,6,4,210.0
2,5,3,4,3,4,188.0
3,6,3,4,3,5,371.0
1,2,2,4,6,4,120.0
2,4,2,4,6,4,143.0
3,8,4,4,3,5,310.0
1,2,1,4,6,4,145.0
4,8,4,4,3,5,168.0
1,2,1,4,6,4,80.0
3,8,3,4,3,4,512.0
1,1,1,3,2,2,45.0
1,3,1,4,6,4,222.0
2,4,2,4,6,4,200.0
1,2,1,4,6,4,229.0
2,5,2,4,3,4,224.0
3,6,4,4,3,4,487.0
1,2,2,4,6,5,80.0
1,4,2,4,6,5,80.0
1,2,1,4,6,4,150.0
1,1,1,3,2,2,40.0
2,5,3,4,6,4,150.0
1,4,3,3,6,3,164.0
3,6,3,4,3,5,593.0
1,2,1,3,5,2,68.0
2,5,4,4,3,4,700.0
1,3,2,4,6,5,71.0
1,2,1,3,4,2,85.0
3,6,3,4,3,5,1200.0
1,2,1,3,5,2,60.0
1,2,1,3,4,2,58.0
1,2,1,3,4,2,58.0
1,2,2,3,4,2,55.0
2,5,3,4,3,4,279.0
1,2,1,4,6,4,124.0
2,4,2,4,6,4,203.0
1,4,2,4,6,5,98.0
3,6,3,4,3,4,450.0
1,2,1,3,5,2,68.0
2,4,2,4,3,4,168.0
3,6,4,4,3,5,322.0
2,3,2,4,6,4,500.0
2,4,2,4,6,4,500.0
1,2,1,3,3,2,45.0
2,5,2,4,3,4,229.0
2,4,2,4,3,4,174.0
1,3,1,3,4,2,45.0
1,2,1,4,6,5,130.0
4,9,6,4,3,5,1081.0
1,2,1,4,6,4,149.0
2,4,2,4,6,5,125.0
1,2,1,4,6,4,88.0
2,4,2,4,3,4,136.0
2,4,2,4,6,4,329.0
3,9,6,4,6,5,187.0
1,2,1,4,6,5,150.0
3,8,5,4,3,4,235.0
3,8,5,4,3,4,245.0
1,4,2,4,3,4,124.0
1,2,1,3,4,2,42.0
1,1,2,3,5,2,50.0
2,4,2,4,6,4,250.0
1,2,1,3,5,2,38.0
1,2,1,3,5,2,40.0
1,2,1,4,6,4,153.0
1,2,1,4,6,4,111.0
1,2,1,4,6,5,110.0
1,2,1,4,6,4,157.0
1,3,1,4,6,4,90.0
2,4,2,4,6,5,147.0
1,2,1,3,5,2,68.0
1,2,1,4,6,5,136.0
1,2,1,4,6,5,132.0
1,2,1,4,6,5,250.0
2,8,4,4,6,4,166.0
1,3,2,4,6,4,209.0
2,5,4,4,3,4,350.0
1,2,1,4,6,4,185.0
3,7,4,4,3,4,415.0
6,16,10,4,3,4,600.0
5,8,5,4,3,5,1664.0
1,4,2,4,6,4,228.0
1,2,2,4,6,4,81.0
1,2,1,4,6,5,285.0
1,2,1,4,6,4,111.0
1,2,1,4,6,4,305.0
5,9,6,4,3,5,1950.0
1,2,1,3,2,2,73.0
3,8,5,4,3,4,180.0
1,1,6,1,4,1,35.0
3,6,4,4,3,5,750.0
2,4,2,4,3,4,652.0
1,4,2,4,6,4,281.0
1,1,2,3,4,2,43.0
2,4,2,4,6,4,299.0
1,4,2,4,6,4,113.0
1,2,1,4,6,5,275.0
3,6,4,4,3,5,375.0
3,6,6,4,6,5,375.0
4,8,4,4,3,5,750.0
1,2,1,4,6,4,1050.0
1,2,1,3,2,2,50.0
1,2,2,4,6,5,70.0
2,4,5,4,6,4,166.0
1,2,1,4,6,4,150.0
2,4,2,4,3,4,155.0
1,2,1,4,6,4,100.0
1,2,1,3,6,3,129.0
1,2,1,4,6,5,140.0
1,2,1,4,6,4,189.0
1,2,4,4,6,5,114.0
1,2,2,4,6,4,267.0
1,2,1,4,6,5,132.0
1,2,6,3,5,2,100.0
1,4,3,4,6,5,139.0
2,5,2,4,6,5,168.0
2,4,2,4,6,4,211.0
3,8,5,4,6,5,408.0
1,2,1,4,6,5,116.0
1,2,2,4,6,4,208.0
2,4,2,4,6,5,220.0
2,4,2,4,3,5,245.0
2,5,4,4,6,5,118.0
1,4,1,4,6,4,189.0
1,2,1,4,6,5,160.0
2,4,3,4,3,4,185.0
1,2,1,3,4,2,58.0
1,1,1,1,4,1,36.0
2,5,3,4,3,4,189.0
1,2,1,4,6,5,153.0
3,7,6,4,6,5,821.0
1,2,1,4,6,4,170.0
1,4,2,4,6,3,179.0
1,5,4,3,6,3,199.0
2,4,3,4,6,4,208.0
1,2,1,4,6,5,188.0
1,2,1,4,6,4,104.0
1,2,1,4,6,4,198.0
3,6,3,4,3,4,503.0
2,4,3,4,6,5,160.0
1,2,2,3,2,2,30.0
1,2,1,4,6,5,65.0
4,8,5,4,3,4,900.0
2,4,4,4,3,4,349.0
1,2,1,4,6,5,131.0
1,4,2,4,6,4,219.0
1,2,2,4,6,4,298.0
2,4,3,4,6,5,280.0
1,2,2,4,6,5,85.0
1,3,1,4,6,4,100.0
2,4,2,4,6,5,110.0
1,2,1,4,6,4,105.0
1,2,1,4,6,4,105.0
1,2,1,4,6,4,105.0
1,2,2,4,6,4,105.0
1,2,1,4,6,4,105.0
1,2,1,4,6,4,105.0
2,3,2,4,6,4,150.0
1,3,3,4,6,5,75.0
1,4,2,4,6,4,214.0
1,3,2,4,6,4,999.0
3,8,3,4,6,5,465.0
1,2,1,3,5,2,59.0
3,5,3,4,3,5,151.0
1,3,1,3,6,3,249.0
1,2,1,3,4,2,65.0
1,2,1,4,6,4,190.0
1,2,1,4,6,4,205.0
2,4,2,4,3,4,446.0
4,6,4,4,3,5,264.0
1,1,1,3,6,3,99.0
2,4,3,4,6,5,50.0
1,2,1,4,6,4,149.0
1,2,2,4,6,4,149.0
3,7,4,4,3,5,1000.0
1,2,1,4,6,5,300.0
1,2,1,4,6,4,213.0
1,4,2,4,6,4,166.0
1,2,1,4,6,4,174.0
1,2,1,3,5,2,88.0
1,2,1,4,6,4,99.0
1,2,1,3,4,2,50.0
2,6,4,4,3,4,271.0
1,2,1,4,6,4,160.0
1,4,1,4,6,4,403.0
1,2,1,4,6,4,116.0
1,2,1,4,6,4,57.0
1,2,1,4,6,4,203.0
1,2,1,3,4,2,48.0
2,5,3,4,3,4,174.0
2,4,3,4,6,4,268.0
2,5,2,4,3,4,274.0
2,4,2,4,3,5,299.0
4,8,4,4,3,5,524.0
2,4,2,4,6,4,448.0
1,3,2,4,6,4,100.0
1,1,2,3,4,2,550.0
1,3,1,4,6,4,70.0
1,2,2,3,6,2,120.0
2,4,2,4,6,4,180.0
1,2,1,4,6,5,98.0
1,2,1,4,6,4,104.0
1,3,2,4,6,5,185.0
1,1,1,3,4,2,70.0
1,2,1,3,2,2,28.0
1,2,1,4,6,4,111.0
1,2,1,3,6,2,63.0
1,2,1,3,4,2,49.0
1,2,1,3,5,2,63.0
1,1,2,3,2,2,53.0
1,2,1,4,6,5,89.0
1,2,1,4,6,4,189.0
1,2,1,4,6,4,218.0
2,4,2,4,6,4,343.0
2,6,3,4,3,4,230.0
1,2,1,4,6,5,181.0
1,3,2,4,6,4,114.0
2,5,3,4,6,4,559.0
1,3,1,4,6,4,77.0
2,4,2,4,6,4,255.0
2,4,2,4,6,4,315.0
1,3,3,4,6,4,357.0
1,2,1,4,6,4,249.0
2,4,2,4,3,4,436.0
3,6,4,4,3,4,1063.0
1,2,1,4,6,4,218.0
1,2,1,4,6,5,61.0
1,3,1,4,6,4,385.0
1,2,1,4,6,4,118.0
1,2,1,4,6,4,114.0
2,4,2,4,3,4,240.0
2,4,2,4,3,4,153.0
2,5,3,4,3,4,130.0
1,2,1,3,5,2,66.0
2,5,3,4,6,4,247.0
1,1,1,4,6,5,119.0
3,6,4,4,6,4,262.0
3,6,4,4,6,4,135.0
2,4,2,4,3,4,230.0
1,2,1,4,6,4,98.0
1,4,2,4,6,4,161.0
1,2,1,4,6,5,70.0
2,4,2,4,6,4,358.0
1,2,1,4,6,5,97.0
1,2,1,4,6,6,383.0
1,2,1,4,6,4,99.0
1,2,1,4,6,5,245.0
1,2,1,4,6,5,115.0
1,3,1,3,5,2,49.0
2,4,3,4,3,4,339.0
1,2,1,4,6,4,76.0
1,4,2,4,6,4,106.0
2,4,2,4,3,4,125.0
1,2,1,3,4,2,35.0
1,2,1,3,2,2,65.0
2,4,2,4,6,5,225.0
2,5,2,4,6,4,190.0
1,2,1,4,6,4,159.0
2,4,2,4,3,4,500.0
1,2,1,4,6,5,130.0
1,3,2,4,6,4,200.0
1,2,1,3,5,2,214.0
1,4,2,4,6,4,249.0
2,6,3,4,6,4,215.0
3,8,5,4,3,4,1092.0
1,2,2,3,4,2,55.0
2,4,3,4,3,4,149.0
2,3,2,4,6,4,165.0
1,4,2,4,6,4,249.0
3,8,6,4,3,4,1000.0
1,2,1,3,6,3,274.0
2,5,3,4,3,4,202.0
2,4,2,4,6,4,579.0
2,8,2,4,3,4,453.0
3,6,3,4,3,4,727.0
3,6,3,4,3,4,727.0
2,4,2,4,3,4,177.0
1,2,1,3,6,2,60.0
1,2,1,4,6,5,80.0
1,4,2,4,6,4,153.0
1,3,2,4,6,4,120.0
2,8,6,4,6,5,256.0
1,2,1,4,6,4,243.0
1,2,1,4,6,4,149.0
1,3,2,3,5,3,149.0
1,2,1,3,5,3,169.0
1,3,1,3,5,3,169.0
1,1,1,3,4,2,50.0
1,2,1,3,4,3,109.0
1,5,2,3,4,3,244.0
1,2,1,3,5,3,125.0
3,6,3,4,3,5,345.0
1,3,1,4,6,4,153.0
1,2,2,3,5,3,125.0
3,7,3,4,3,5,400.0
1,2,1,3,4,3,79.0
2,6,4,4,6,4,464.0
2,4,2,4,6,4,571.0
1,2,1,4,6,5,96.0
1,1,1,3,4,2,75.0
1,4,2,4,6,4,229.0
1,2,1,4,6,4,178.0
1,4,2,4,6,4,146.0
1,2,1,4,6,4,109.0
2,2,1,4,3,5,148.0
2,6,2,4,3,5,650.0
1,2,1,3,5,2,65.0
1,2,1,4,6,4,130.0
2,5,2,4,6,4,146.0
2,6,3,4,3,4,145.0
1,2,2,4,6,4,186.0
1,2,1,4,6,4,106.0
1,2,2,4,6,5,107.0
1,3,1,4,6,4,139.0
1,3,1,4,6,4,139.0
1,1,2,3,5,2,65.0
1,4,2,4,6,5,105.0
1,2,1,4,6,4,130.0
1,2,2,4,6,5,100.0
1,2,1,3,4,2,65.0
3,5,3,4,3,5,916.0
1,5,4,4,6,4,145.0
2,5,2,4,3,4,182.0
1,2,1,4,6,4,44.0
1,2,1,4,6,5,425.0
1,2,1,4,6,4,195.0
3,7,3,4,3,4,1298.0
2,5,4,4,3,4,800.0
2,4,3,4,6,4,200.0
1,2,2,4,6,4,159.0
1,3,1,3,2,2,58.0
1,3,2,4,6,3,99.0
1,4,2,4,6,4,225.0
3,6,3,4,6,5,155.0
1,2,1,3,4,2,80.0
1,2,1,4,6,4,77.0
1,4,1,1,2,1,33.0
1,2,1,4,6,5,86.0
4,8,6,4,3,5,1200.0
3,6,3,4,3,4,1088.0
2,4,2,4,6,4,601.0
3,5,3,4,3,5,1057.0
2,4,3,4,6,4,250.0
1,2,1,4,6,5,97.0
2,4,3,3,5,2,129.0
3,4,6,4,6,5,306.0
1,2,2,3,2,2,28.0
2,6,4,4,6,4,375.0
2,5,4,4,6,4,357.0
2,5,3,4,6,4,300.0
4,8,5,4,3,5,1033.0
2,4,4,4,6,5,154.0
1,2,1,3,4,2,84.0
3,6,4,4,6,5,288.0
4,9,7,4,3,4,608.0
1,1,1,3,4,2,35.0
1,2,1,4,6,4,270.0
1,2,1,4,6,4,250.0
2,6,3,4,6,4,229.0
2,4,2,4,3,4,650.0
1,2,2,3,5,2,90.0
3,6,3,4,3,4,165.0
1,2,1,3,4,2,49.0
1,2,1,3,6,3,145.0
1,2,1,3,6,3,124.0
4,9,5,4,3,5,920.0
3,6,3,4,3,4,230.0
4,8,4,4,3,5,600.0
1,2,2,4,6,4,491.0
2,4,2,4,6,5,151.0
4,8,6,4,3,5,900.0
1,2,1,4,6,4,65.0
4,8,5,4,3,5,1250.0
3,6,3,4,3,5,304.0
1,2,1,4,6,4,209.0
3,6,3,4,3,4,180.0
1,2,1,4,6,4,110.0
1,1,1,3,4,2,35.0
1,1,1,3,4,2,35.0
1,2,1,4,6,5,130.0
2,4,2,4,6,5,90.0
1,2,1,4,6,4,170.0
1,2,1,4,6,4,240.0
2,5,2,4,3,4,230.0
3,6,3,4,3,4,700.0
3,7,3,4,3,4,260.0
2,3,1,4,6,4,73.0
1,2,1,4,6,4,57.0
1,2,2,4,6,4,250.0
1,2,2,4,6,4,250.0
1,5,3,4,6,4,146.0
1,2,1,4,6,4,95.0
1,2,1,4,6,5,102.0
3,5,3,4,6,4,254.0
1,5,3,4,6,4,185.0
2,4,2,4,6,4,137.0
1,2,1,4,6,4,240.0
2,4,2,4,6,5,98.0
1,3,2,4,6,4,151.0
1,2,1,4,6,5,289.0
2,6,4,4,6,5,356.0
1,2,1,4,6,4,149.0
1,2,1,3,2,3,125.0
1,2,2,3,2,3,151.0
1,3,2,3,5,3,198.0
1,4,3,3,5,3,228.0
1,3,1,4,6,4,133.0
1,3,1,4,6,4,123.0
1,3,2,4,6,4,133.0
1,3,1,4,6,4,139.0
1,3,1,4,6,4,144.0
1,3,1,4,6,4,141.0
4,8,4,4,3,5,1500.0
1,2,2,4,6,5,140.0
1,2,1,4,6,4,90.0
1,4,2,4,6,4,126.0
1,2,1,4,6,5,150.0
1,2,1,4,6,4,119.0
2,4,4,4,6,4,614.0
1,3,1,4,6,4,126.0
1,3,1,4,6,4,136.0
1,2,1,4,6,4,106.0
3,7,4,4,3,4,412.0
1,2,1,4,6,4,244.0
1,2,1,4,6,4,220.0
3,6,3,4,6,5,321.0
2,5,2,4,3,4,135.0
2,6,4,4,6,4,166.0
2,5,4,4,6,4,100.0
1,2,1,3,6,3,289.0
1,2,1,3,6,3,301.0
1,4,2,3,6,3,328.0
1,2,1,3,4,2,117.0
1,2,1,4,6,4,377.0
2,4,3,4,6,4,592.0
1,2,1,4,6,5,132.0
3,6,3,4,3,5,748.0
1,3,2,3,1,2,107.0
1,2,1,3,1,2,98.0
1,2,1,3,6,2,88.0
1,2,2,3,2,3,216.0
1,2,2,4,6,4,81.0
1,3,1,4,6,4,141.0
1,10,2,3,4,2,345.0
1,2,1,4,6,4,81.0
4,14,5,4,3,5,1101.0
1,2,1,3,6,3,274.0
1,1,1,3,4,2,38.0
2,6,2,4,3,5,155.0
1,2,1,3,4,2,40.0
1,2,1,4,6,5,120.0
3,5,3,4,3,5,783.0
2,4,2,4,6,4,264.0
1,1,1,1,4,1,38.0
1,2,1,4,6,4,495.0
1,4,2,4,6,4,131.0
3,6,4,4,3,5,402.0
2,4,2,4,3,4,174.0
1,3,2,4,6,4,133.0
1,1,1,3,2,2,57.0
1,2,1,3,2,2,59.0
1,2,1,3,2,2,59.0
1,2,1,3,2,2,61.0
1,1,1,3,2,2,57.0
1,2,1,3,4,2,39.0
3,5,3,4,3,5,282.0
2,5,2,4,6,5,220.0
1,1,1,3,4,2,40.0
1,2,1,4,6,4,298.0
1,2,1,4,6,4,293.0
1,1,1,1,4,1,32.0
3,6,5,4,6,4,545.0
2,4,2,4,3,4,400.0
3,6,4,4,3,5,801.0
2,6,4,4,6,5,294.0
1,3,2,3,5,3,145.0
2,4,2,4,6,4,187.0
2,3,2,4,6,4,248.0
2,4,2,4,6,4,105.0
3,6,3,4,6,4,155.0
1,2,1,4,6,4,140.0
3,5,4,4,3,4,570.0
4,8,6,4,6,5,358.0
1,2,1,4,6,5,321.0
1,2,1,4,6,4,182.0
1,2,1,4,6,4,175.0
3,6,3,4,3,4,519.0
1,2,1,4,6,4,220.0
4,8,5,4,3,5,1000.0
4,10,5,4,3,5,1438.0
1,2,1,3,5,2,47.0
1,2,1,3,5,2,47.0
1,2,1,3,5,2,47.0
2,6,3,4,3,4,138.0
1,4,1,4,6,4,127.0
1,2,1,4,6,5,175.0
1,2,1,4,6,5,142.0
2,5,3,4,6,4,191.0
1,2,1,4,6,4,112.0
4,8,4,4,3,5,550.0
2,5,3,4,6,4,300.0
1,3,2,3,4,3,99.0
1,2,1,3,4,3,72.0
1,2,2,3,4,3,69.0
1,1,1,3,4,3,60.0
1,3,2,4,6,4,156.0
1,2,1,4,6,4,165.0
2,4,3,4,3,4,284.0
1,2,1,4,6,4,137.0
2,4,2,3,5,2,79.0
1,3,2,3,5,2,140.0
1,3,2,4,6,4,158.0
1,2,1,4,6,4,95.0
1,3,2,4,6,4,151.0
2,5,4,4,3,4,337.0
1,3,2,4,6,4,155.0
2,5,3,4,3,4,227.0
1,1,1,3,4,2,69.0
1,2,1,4,6,4,320.0
1,2,1,4,6,5,172.0
1,2,1,4,6,5,172.0
1,2,1,4,6,5,260.0
1,2,1,3,4,2,49.0
2,4,2,4,3,5,400.0
1,2,2,3,5,2,71.0
1,2,1,4,6,4,198.0
1,2,1,4,6,4,325.0
3,5,3,4,3,4,1371.0
1,4,3,3,5,3,109.0
2,4,2,4,3,4,280.0
1,2,1,4,6,4,679.0
2,4,3,4,6,4,390.0
1,1,1,3,4,2,35.0
2,4,3,4,3,4,384.0
1,2,1,3,2,2,33.0
1,2,1,3,2,2,33.0
1,2,1,3,2,2,44.0
1,3,2,3,2,2,44.0
3,7,4,4,3,4,287.0
2,4,2,4,3,4,308.0
3,7,5,4,6,5,222.0
1,2,1,4,6,4,135.0
1,2,1,4,6,4,97.0
1,1,1,3,4,2,37.0
1,2,1,4,6,4,209.0
1,2,1,4,6,4,163.0
1,4,3,4,6,6,503.0
1,2,1,4,6,4,240.0
2,4,2,4,6,4,564.0
3,8,6,4,3,4,298.0
2,4,4,4,6,5,909.0
1,2,1,4,6,4,180.0
1,2,1,3,6,2,60.0
2,4,3,4,6,4,180.0
4,10,7,4,3,5,800.0
1,1,1,3,4,2,20.0
2,4,2,4,6,4,180.0
1,2,2,4,6,5,102.0
2,4,3,4,6,5,250.0
2,4,2,3,5,2,130.0
1,2,1,4,6,4,94.0
2,4,3,4,6,4,185.0
1,2,1,3,5,3,160.0
1,2,1,3,5,3,160.0
1,2,1,3,5,3,160.0
1,2,2,4,6,5,51.0
1,2,1,4,6,4,186.0
2,6,4,4,6,4,186.0
2,5,3,4,3,5,1100.0
2,5,4,4,6,4,523.0
4,8,4,4,3,5,1298.0
2,2,3,4,6,4,450.0
2,2,2,3,4,2,249.0
2,4,3,4,6,4,384.0
2,4,3,4,3,4,223.0
2,6,4,4,3,4,622.0
1,1,1,4,6,4,99.0
5,10,6,4,3,5,1012.0
2,4,2,4,6,4,265.0
1,2,1,4,6,4,110.0
1,2,1,3,4,3,160.0
1,2,1,3,4,2,64.0
7,16,14,4,3,5,3500.0
1,2,1,4,6,4,229.0
2,4,2,4,6,5,250.0
1,2,2,3,4,2,24.0
2,4,2,4,6,5,543.0
1,2,2,3,2,2,48.0
1,2,1,4,6,4,97.0
2,5,3,4,3,4,288.0
2,4,4,4,6,4,115.0
2,4,3,4,3,5,550.0
1,2,1,3,5,2,50.0
2,4,2,4,6,4,1048.0
1,2,1,3,5,3,190.0
1,2,1,4,5,3,250.0
1,2,1,3,5,2,70.0
1,2,1,3,5,3,250.0
2,4,4,4,3,4,678.0
2,4,3,4,3,4,553.0
1,2,1,4,6,5,210.0
1,2,1,4,6,4,112.0
2,4,3,4,3,4,359.0
1,4,2,4,6,5,200.0
4,8,5,4,3,5,1150.0
4,14,7,4,6,5,514.0
1,4,2,4,6,5,233.0
2,4,2,4,6,4,130.0
2,6,3,4,3,4,414.0
1,2,1,3,5,2,300.0
1,4,2,4,6,4,300.0
4,8,4,4,3,5,1500.0
3,6,3,4,6,5,593.0
2,4,2,4,6,5,400.0
3,6,3,4,3,5,250.0
2,5,3,4,6,4,447.0
1,2,1,4,6,4,99.0
1,3,2,4,6,5,80.0
1,1,1,3,2,2,32.0
3,6,4,4,3,5,450.0
2,4,2,4,3,4,190.0
1,2,1,4,6,4,123.0
2,4,2,4,3,4,134.0
1,3,1,4,6,4,228.0
1,1,1,3,5,2,65.0
1,2,1,3,2,2,59.0
1,2,1,4,6,4,150.0
2,4,3,4,6,4,447.0
2,4,3,4,6,5,290.0
1,2,1,4,6,4,165.0
3,7,4,4,3,5,261.0
1,1,1,3,2,2,21.0
3,6,3,4,3,5,350.0
2,4,2,4,6,4,113.0
5,10,6,4,3,5,1000.0
3,8,3,4,6,4,988.0
2,5,4,4,3,4,238.0
1,2,1,4,6,4,361.0
1,5,2,4,6,4,171.0
1,2,1,4,6,4,142.0
1,1,1,3,2,2,30.0
1,1,1,3,2,2,33.0
3,6,3,4,3,5,220.0
1,2,1,4,6,4,320.0
1,2,1,4,6,5,99.0
1,1,1,3,5,2,57.0
1,2,1,4,6,4,313.0
2,4,2,4,6,4,657.0
1,1,1,3,4,2,55.0
2,4,2,4,6,4,294.0
2,6,2,4,6,5,614.0
2,5,4,4,6,4,500.0
3,6,3,4,6,5,250.0
1,2,1,4,6,4,203.0
5,10,6,4,3,5,1086.0
3,6,4,4,6,4,457.0
5,9,5,4,3,5,643.0
1,2,1,4,6,5,135.0
2,10,3,4,3,4,129.0
2,6,3,4,3,4,329.0
2,4,3,4,6,4,220.0
3,5,3,4,3,5,800.0
1,4,3,4,6,4,300.0
1,2,1,3,2,2,36.0
1,3,2,4,2,2,39.0
1,2,1,4,2,2,36.0
3,7,5,4,6,5,190.0
1,2,1,3,4,2,44.0
1,2,1,3,4,2,44.0
1,1,1,3,4,2,36.0
1,2,1,3,4,2,35.0
1,2,1,3,5,2,45.0
1,1,1,3,4,2,36.0
1,1,1,3,4,2,25.0
1,4,2,3,4,2,41.0
1,2,1,3,4,2,36.0
1,2,1,3,4,2,36.0
1,2,1,3,4,2,36.0
1,4,2,3,4,2,39.0
1,2,1,3,4,2,38.0
1,4,2,3,5,2,76.0
1,2,1,3,4,2,36.0
1,4,2,3,4,2,76.0
3,5,3,4,6,5,165.0
1,2,1,3,2,2,44.0
1,2,2,3,2,2,47.0
1,2,1,3,2,2,42.0
1,2,1,3,2,2,42.0
1,1,1,3,2,2,44.0
1,2,1,3,2,2,42.0
1,3,1,4,6,4,173.0
1,4,2,4,6,4,189.0
4,7,8,4,3,5,260.0
1,2,1,4,6,5,137.0
1,2,1,3,4,2,43.0
1,2,1,3,6,3,205.0
3,6,5,4,3,5,189.0
1,2,1,4,6,4,213.0
2,6,3,4,3,4,259.0
4,8,5,4,3,5,950.0
2,2,1,4,6,4,200.0
1,3,1,4,6,4,240.0
1,2,1,4,6,4,168.0
1,7,5,4,6,4,186.0
1,2,1,4,6,5,139.0
1,4,2,3,6,2,165.0
3,4,3,4,6,5,340.0
2,4,2,4,6,5,130.0
1,2,1,4,6,5,82.0
1,2,1,4,6,4,255.0
4,8,5,4,3,5,850.0
1,2,1,3,5,2,65.0
1,2,1,4,6,4,168.0
1,2,1,3,4,2,100.0
3,6,3,4,3,5,186.0
1,2,1,4,6,4,69.0
2,6,3,4,6,4,452.0
2,5,3,4,6,4,589.0
1,2,1,4,6,4,175.0
2,4,2,4,3,4,211.0
2,7,3,4,6,5,180.0
2,4,2,4,6,4,320.0
2,5,2,4,6,5,275.0
1,2,1,4,6,4,160.0
1,2,1,4,6,4,178.0
2,4,3,4,3,4,414.0
1,2,1,4,6,5,120.0
6,12,6,4,3,5,1307.0
2,6,3,4,3,4,179.0
1,2,1,4,6,5,250.0
1,2,1,3,1,2,29.0
1,2,1,4,6,5,125.0
2,4,3,4,3,4,184.0
2,4,3,4,3,4,305.0
2,4,2,4,3,4,209.0
1,2,1,4,6,4,175.0
1,2,1,4,6,5,105.0
3,7,4,4,3,5,385.0
1,3,1,4,6,5,270.0
3,7,3,4,3,5,385.0
3,7,4,4,3,5,213.0
1,2,1,3,4,2,65.0
2,4,2,4,6,5,200.0
1,2,1,3,5,2,49.0
1,4,4,4,6,4,121.0
2,5,3,4,6,4,171.0
1,2,2,4,6,4,227.0
2,4,2,4,6,4,245.0
1,2,1,4,6,5,614.0
1,2,1,4,6,4,115.0
2,4,2,4,6,4,367.0
1,2,1,4,6,4,338.0
2,5,2,4,3,4,195.0
1,2,1,4,6,4,110.0
2,6,3,4,3,4,227.0
1,1,1,1,1,1,28.0
1,3,1,4,6,4,100.0
1,4,2,4,6,4,200.0
1,3,1,4,6,4,204.0
2,3,2,4,3,6,471.0
1,3,2,4,6,4,179.0
1,2,1,4,6,5,521.0
2,4,3,4,6,4,246.0
1,2,1,4,6,4,201.0
1,4,2,4,6,4,173.0
2,4,2,4,3,4,222.0
2,4,2,4,3,4,255.0
1,3,1,3,5,2,65.0
2,4,2,4,6,4,265.0
1,2,1,4,6,4,195.0
1,2,1,4,6,5,174.0
1,2,2,3,2,2,18.0
2,4,2,4,3,4,223.0
1,2,1,4,6,4,82.0
1,2,1,3,4,2,100.0
3,6,6,4,3,5,410.0
1,2,1,4,6,4,261.0
1,3,2,3,2,2,30.0
2,4,3,4,6,4,109.0
1,2,1,4,6,4,201.0
3,6,3,4,3,5,500.0
3,6,3,4,3,4,100.0
3,6,3,4,6,5,194.0
1,2,2,4,6,5,228.0
1,2,1,4,6,4,250.0
4,5,2,4,3,5,1750.0
2,4,2,4,6,4,111.0
3,6,3,4,6,5,395.0
4,8,4,4,3,5,1313.0
1,2,1,4,6,5,120.0
3,6,3,4,3,5,1029.0
5,10,5,4,6,5,1278.0
2,4,2,4,6,4,195.0
1,2,1,4,6,4,106.0
1,1,1,3,4,2,38.0
1,2,2,3,4,2,50.0
1,2,1,4,6,4,270.0
3,5,3,4,3,4,400.0
1,2,2,4,6,4,210.0
2,3,2,4,6,5,140.0
1,4,2,4,6,4,150.0
2,4,2,4,3,4,174.0
3,6,3,4,3,4,330.0
3,7,4,4,6,5,381.0
1,2,1,4,6,4,59.0
1,2,1,4,6,5,608.0
1,3,2,3,2,2,40.0
2,4,3,4,6,5,125.0
2,4,2,4,6,5,166.0
2,5,3,4,6,5,309.0
1,2,1,4,6,4,464.0
3,4,3,4,6,5,450.0
2,5,2,4,3,4,205.0
2,3,2,4,6,4,411.0
2,4,2,4,6,4,197.0
2,5,3,4,6,4,499.0
1,2,1,4,6,4,151.0
1,2,1,4,6,5,120.0
1,2,1,3,4,2,80.0
1,3,1,4,6,4,120.0
2,4,3,4,6,4,150.0
2,6,2,4,6,4,144.0
1,3,1,4,6,5,550.0
1,6,3,4,6,4,198.0
1,6,3,4,6,4,199.0
2,4,2,4,6,5,250.0
2,4,2,4,6,4,423.0
1,3,2,4,6,4,171.0
2,4,2,4,6,4,249.0
1,2,2,3,4,2,99.0
2,4,2,4,6,4,121.0
2,4,2,4,6,4,250.0
2,4,2,4,3,4,285.0
4,8,4,4,3,5,1922.0
1,4,2,4,6,4,204.0
1,5,2,4,6,4,191.0
1,2,1,3,5,3,109.0
1,2,1,4,6,4,250.0
1,2,1,4,6,4,154.0
5,15,13,4,3,5,1980.0
1,2,2,4,6,4,191.0
2,4,2,4,6,4,136.0
2,3,2,4,6,4,300.0
1,2,1,4,6,4,145.0
2,4,3,4,6,4,521.0
1,2,1,4,6,5,186.0
1,2,1,4,6,4,108.0
6,14,8,4,3,5,1004.0
1,2,1,4,6,4,320.0
1,4,2,4,6,4,156.0
1,2,1,4,6,5,108.0
1,2,1,4,6,4,125.0
1,2,1,4,6,4,94.0
1,2,1,4,6,4,279.0
1,2,1,4,6,4,248.0
1,2,1,4,6,4,180.0
1,2,1,4,6,5,90.0
1,2,2,4,6,4,120.0
2,4,3,4,6,5,327.0
2,6,3,4,3,5,185.0
1,2,1,4,6,4,186.0
2,4,4,4,6,4,300.0
5,7,5,4,3,5,1265.0
2,5,2,4,6,4,240.0
2,4,3,4,3,4,260.0
1,2,1,4,6,4,122.0
3,6,3,4,3,5,338.0
1,1,1,3,2,2,57.0
1,4,2,4,6,5,219.0
1,4,1,4,6,4,100.0
4,8,6,4,3,5,513.0
2,4,2,4,3,4,276.0
2,4,2,4,3,5,250.0
3,6,5,4,6,5,85.0
3,4,4,4,6,6,350.0
1,2,1,4,6,4,169.0
1,2,1,4,6,4,140.0
3,5,4,4,6,4,307.0
1,2,1,4,6,4,173.0
2,4,2,4,3,4,213.0
1,4,2,4,6,4,151.0
6,14,9,4,3,6,1300.0
1,1,1,3,4,2,45.0
3,8,4,4,6,5,180.0
1,4,2,4,6,4,182.0
1,3,2,4,6,4,208.0
1,2,1,4,6,4,166.0
1,2,1,3,4,2,43.0
2,6,3,4,3,4,729.0
1,3,1,3,4,2,115.0
2,6,3,4,3,4,311.0
2,4,2,4,6,4,495.0
1,3,1,4,6,4,136.0
1,2,1,4,6,4,123.0
1,2,1,4,6,4,144.0
5,10,6,4,3,5,364.0
1,4,3,4,6,4,169.0
1,2,1,4,6,4,86.0
3,3,4,3,4,2,45.0
1,2,1,4,6,5,111.0
2,3,2,4,6,4,125.0
5,8,6,4,3,5,479.0
1,2,1,3,4,2,60.0
1,2,1,4,6,4,70.0
1,2,1,4,6,4,125.0
1,2,1,3,5,2,125.0
1,2,1,4,6,5,75.0
1,3,2,4,6,5,190.0
1,2,1,4,6,4,400.0
1,4,2,4,6,4,234.0
1,2,1,4,6,4,206.0
1,3,2,4,6,4,133.0
1,2,1,4,6,4,100.0
1,2,1,4,6,4,179.0
2,6,3,4,3,4,179.0
3,5,3,4,3,5,108.0
2,4,2,4,6,4,220.0
1,2,2,3,4,2,55.0
1,1,1,3,5,2,100.0
1,2,1,3,4,2,55.0
3,5,3,4,3,4,314.0
1,4,2,4,6,4,130.0
1,2,1,4,6,4,133.0
4,8,2,4,3,4,716.0
2,4,3,4,3,4,149.0
1,2,1,3,5,2,99.0
4,10,5,4,3,5,300.0
1,4,2,4,6,4,130.0
2,4,2,4,3,4,244.0
1,2,1,4,6,5,120.0
2,4,2,4,6,4,303.0
1,3,2,4,6,4,156.0
1,3,2,3,2,2,40.0
1,2,1,3,4,2,40.0
4,8,4,4,3,4,668.0
1,2,1,4,6,5,240.0
1,4,2,4,6,4,164.0
2,6,3,4,3,4,112.0
3,6,3,4,3,4,186.0
2,4,3,4,6,5,89.0
2,6,2,4,3,4,290.0
1,2,2,4,6,4,75.0
5,12,7,4,3,5,1770.0
1,2,1,3,5,2,90.0
2,4,2,4,3,4,575.0
1,2,2,4,6,4,350.0
1,2,1,4,6,4,135.0
3,6,3,4,3,4,783.0
1,2,1,4,6,5,180.0
2,4,2,4,3,4,177.0
1,2,1,4,6,5,170.0
1,2,1,4,6,5,78.0
2,6,5,4,6,4,267.0
3,6,4,4,6,5,1118.0
2,5,3,4,6,4,373.0
3,5,3,4,6,4,242.0
2,4,2,4,3,4,357.0
4,8,4,4,3,5,512.0
1,2,1,4,6,5,89.0
1,1,1,3,4,2,44.0
2,4,2,4,3,4,392.0
2,4,2,4,6,4,500.0
1,1,2,3,4,2,70.0
2,4,2,4,6,4,265.0
1,5,3,4,6,4,164.0
1,2,1,3,5,3,125.0
1,2,1,3,5,3,138.0
1,2,1,3,5,3,148.0
1,2,2,3,5,3,165.0
1,4,1,4,6,4,130.0
1,2,1,3,4,2,53.0
1,2,1,4,6,4,95.0
2,5,3,4,6,4,137.0
1,2,1,4,6,4,183.0
1,2,1,3,4,2,120.0
1,2,1,4,6,5,119.0
1,2,1,4,6,4,180.0
1,2,1,4,6,4,78.0
1,2,1,4,3,4,174.0
1,3,1,4,6,4,162.0
3,4,3,4,6,5,175.0
1,2,2,4,6,5,86.0
2,6,3,4,3,4,112.0
1,2,1,3,4,2,69.0
2,7,3,4,3,4,296.0
1,2,1,4,6,5,49.0
1,2,1,3,6,2,47.0
1,3,3,4,6,4,280.0
1,2,2,4,6,4,250.0
4,8,5,4,3,5,451.0
2,4,2,3,5,2,100.0
1,2,1,3,5,2,40.0
1,2,1,4,6,5,105.0
3,4,3,4,6,6,1649.0
1,2,1,4,6,5,149.0
1,2,1,4,6,4,229.0
1,2,2,4,6,4,65.0
1,2,2,4,6,4,167.0
2,4,2,4,6,5,145.0
1,3,2,3,2,2,66.0
4,9,6,4,3,5,384.0
1,2,1,4,6,4,379.0
1,4,1,3,5,3,165.0
1,2,1,4,6,5,150.0
1,2,1,4,6,4,139.0
1,2,1,3,4,2,120.0
2,5,3,4,6,4,371.0
1,2,1,4,6,4,275.0
1,2,2,4,6,5,131.0
2,3,2,3,5,2,250.0
1,2,1,3,6,2,37.0
1,2,1,4,6,4,154.0
3,6,3,4,3,5,564.0
1,2,1,4,6,4,172.0
1,2,1,4,6,4,69.0
1,1,1,3,5,2,110.0
1,1,2,3,5,2,40.0
1,2,1,4,6,4,78.0
1,4,2,4,6,5,90.0
1,4,2,4,6,4,161.0
4,10,7,4,3,5,232.0
3,6,4,4,3,5,276.0
1,2,2,3,4,2,39.0
3,6,3,4,3,4,295.0
3,16,3,4,6,5,514.0
1,2,1,4,6,5,321.0
2,4,3,4,6,5,200.0
2,5,3,4,3,4,195.0
1,2,1,4,6,4,250.0
2,4,3,4,6,4,314.0
4,8,4,4,3,5,894.0
2,4,2,4,6,5,177.0
2,5,2,4,3,4,220.0
1,2,1,3,5,2,43.0
1,2,2,3,5,2,82.0
1,2,1,4,6,5,90.0
2,4,2,4,3,4,198.0
1,2,1,4,6,4,190.0
2,4,2,4,3,4,180.0
3,6,4,4,3,5,1037.0
1,3,1,3,4,2,327.0
1,5,3,4,6,4,263.0
2,4,2,4,6,5,110.0
1,2,1,3,5,2,60.0
4,8,4,4,3,5,291.0
3,6,3,4,3,4,266.0
3,6,3,4,3,4,280.0
1,16,2,4,1,6,200.0
2,4,2,4,6,5,250.0
2,4,2,4,3,4,159.0
1,3,1,4,6,4,190.0
1,2,1,4,6,4,210.0
4,10,7,4,3,5,629.0
1,2,1,3,5,3,139.0
1,2,1,3,5,3,160.0
1,4,2,3,5,3,180.0
1,3,2,4,6,4,230.0
2,4,2,4,1,4,150.0
1,1,1,1,4,1,33.0
1,4,3,3,5,2,125.0
3,6,4,4,3,5,303.0
5,10,9,4,3,5,1571.0
1,2,1,4,6,4,220.0
1,2,1,4,6,5,47.0
1,2,1,4,6,5,250.0
3,4,3,4,6,4,236.0
2,4,3,4,3,4,485.0
5,8,8,4,3,5,450.0
2,4,2,4,3,5,200.0
1,2,1,4,6,5,50.0
2,4,2,4,6,4,485.0
3,6,3,4,3,5,550.0
1,2,2,3,4,2,39.0
2,3,2,4,6,4,150.0
1,2,1,4,6,4,198.0
4,8,5,4,3,5,500.0
2,4,2,4,6,5,165.0
2,4,2,4,6,5,708.0
2,4,3,4,6,4,214.0
3,6,3,4,3,5,1550.0
1,2,1,3,4,3,74.0
1,3,2,3,4,3,94.0
2,4,2,4,6,5,350.0
1,2,1,4,6,4,168.0
1,3,1,4,6,4,133.0
1,3,1,4,6,4,133.0
1,3,1,4,6,4,133.0
1,3,1,4,6,4,140.0
1,1,1,4,1,2,36.0
5,9,5,4,3,5,764.0
1,2,1,4,6,5,160.0
3,9,6,4,6,4,222.0
1,2,1,3,2,2,60.0
1,2,1,3,2,2,50.0
1,2,1,3,6,2,63.0
1,2,1,3,5,2,42.0
1,2,1,3,4,2,91.0
1,2,1,3,4,2,59.0
2,6,2,4,3,4,343.0
5,9,6,4,3,5,800.0
2,4,4,4,6,5,120.0
2,4,2,4,3,4,220.0
1,2,1,4,6,5,200.0
3,6,3,4,3,5,1223.0
2,4,2,4,3,4,519.0
2,4,2,4,3,4,212.0
2,4,2,4,3,5,200.0
1,3,2,4,6,4,141.0
1,1,1,3,4,2,35.0
2,4,2,4,6,5,399.0
2,4,3,4,6,4,175.0
1,2,2,4,6,4,233.0
1,3,4,4,6,5,200.0
1,1,1,1,1,1,33.0
1,3,2,4,6,4,190.0
1,2,2,3,5,3,124.0
4,4,3,4,3,5,1000.0
1,3,2,4,6,4,167.0
3,6,4,4,3,5,380.0
1,1,1,3,2,2,45.0
3,5,3,4,3,5,217.0
2,4,3,4,6,4,300.0
2,4,3,4,6,4,234.0
2,4,2,4,6,4,278.0
2,4,2,4,3,5,341.0
1,2,1,4,6,4,150.0
2,4,2,4,6,4,220.0
1,2,1,3,4,2,38.0
1,2,1,4,6,5,111.0
1,2,1,4,6,4,220.0
3,6,3,4,3,4,183.0
1,2,1,3,4,2,56.0
2,4,2,4,6,5,77.0
1,1,1,3,4,2,65.0
2,5,5,4,6,4,259.0
5,10,5,4,3,4,423.0
2,5,3,4,6,5,283.0
1,2,1,3,6,2,60.0
2,6,3,4,3,4,297.0
1,2,1,4,6,6,300.0
5,9,5,4,3,5,250.0
1,2,1,4,6,4,124.0
1,3,1,4,6,5,70.0
1,2,1,4,6,5,198.0
7,16,10,4,3,5,1337.0
1,2,1,3,6,2,45.0
1,4,2,3,6,2,45.0
1,2,1,3,6,2,40.0
1,2,1,3,6,2,40.0
1,2,1,3,6,2,40.0
1,2,1,3,6,2,38.0
1,2,2,3,4,2,60.0
1,2,1,4,6,5,75.0
3,6,3,4,3,5,111.0
2,4,3,4,6,5,170.0
1,2,1,4,6,4,131.0
1,2,1,3,5,2,110.0
1,2,1,4,6,5,182.0
2,4,2,4,6,5,90.0
1,3,2,4,6,5,90.0
1,4,2,4,6,5,214.0
1,6,3,4,6,4,152.0
1,2,1,3,5,2,64.0
2,5,2,4,3,4,145.0
2,4,2,4,3,4,202.0
2,4,2,4,3,4,205.0
3,6,3,4,6,5,550.0
1,4,2,4,6,5,220.0
1,4,2,4,6,4,208.0
1,2,1,3,5,2,63.0
2,4,2,4,6,4,243.0
1,4,2,4,6,5,91.0
2,4,2,4,3,5,400.0
1,2,1,4,6,4,110.0
1,3,1,4,6,4,116.0
2,4,2,4,6,4,200.0
2,4,2,4,6,5,120.0
1,2,1,3,2,2,50.0
2,4,2,4,3,4,347.0
1,2,2,3,5,3,218.0
4,8,5,4,3,5,1000.0
1,5,3,4,6,4,251.0
4,10,5,4,3,4,635.0
2,4,2,4,6,4,336.0
2,5,3,4,6,5,199.0
2,4,1,4,3,4,315.0
1,2,2,4,6,4,311.0
1,2,1,4,6,4,169.0
2,4,3,4,3,4,166.0
1,4,2,4,6,5,120.0
3,4,2,4,3,5,909.0
2,4,2,4,6,4,235.0
5,9,6,4,3,5,500.0
2,4,2,4,6,4,432.0
1,2,1,4,6,4,175.0
1,2,1,3,4,2,55.0
1,4,2,4,6,5,220.0
1,2,1,4,6,4,185.0
4,8,4,4,3,5,253.0
2,4,2,4,6,5,256.0
3,8,5,4,3,5,893.0
2,6,3,4,3,4,232.0
1,2,1,4,6,4,130.0
1,2,1,3,5,2,40.0
2,4,2,4,6,4,364.0
1,4,2,4,6,5,115.0
3,6,3,3,6,2,170.0
1,2,1,4,6,4,65.0
1,2,1,3,6,2,37.0
1,2,1,3,6,2,44.0
1,3,2,4,6,4,139.0
4,8,4,4,3,5,271.0
1,2,1,4,6,4,191.0
2,6,3,4,3,4,331.0
2,6,3,4,3,4,307.0
1,1,1,3,2,2,28.0
2,6,5,4,3,4,150.0
1,2,1,4,6,4,221.0
2,4,2,4,6,4,215.0
1,2,1,4,6,4,76.0
1,1,1,3,2,2,59.0
1,2,1,4,6,4,65.0
1,3,1,3,3,2,37.0
1,2,1,3,3,2,41.0
1,2,1,3,3,2,44.0
1,2,1,3,5,2,68.0
1,1,1,3,2,2,57.0
1,4,2,4,6,4,112.0
1,4,2,3,2,2,73.0
1,1,1,3,4,2,25.0
1,2,1,3,6,2,49.0
1,2,1,3,2,2,36.0
1,2,1,3,2,2,36.0
1,2,1,3,3,2,36.0
1,3,2,3,2,2,39.0
1,2,1,3,3,2,36.0
1,2,1,3,6,2,34.0
1,2,1,4,6,4,84.0
1,2,1,4,6,4,160.0
1,2,1,4,6,4,110.0
1,2,1,3,4,2,60.0
2,6,3,4,6,4,260.0
1,2,1,4,6,5,152.0
1,2,1,4,6,5,134.0
3,10,7,4,3,4,185.0
2,5,3,4,6,4,380.0
3,6,4,4,3,5,802.0
1,2,2,4,6,5,161.0
1,2,1,4,6,4,106.0
3,5,3,4,3,4,149.0
3,8,5,4,6,5,192.0
1,2,1,4,6,4,154.0
4,9,5,4,3,5,929.0
2,4,2,4,3,4,390.0
1,3,1,4,6,4,155.0
2,5,3,4,3,4,288.0
4,8,4,4,6,5,493.0
3,5,3,4,6,5,120.0
1,2,1,4,6,4,183.0
2,5,3,4,6,4,303.0
1,3,1,4,6,4,188.0
1,3,1,4,6,4,157.0
1,2,1,4,6,4,269.0
1,2,1,4,6,4,150.0
1,2,1,4,6,5,65.0
1,2,1,4,6,4,179.0
2,4,3,4,3,4,215.0
1,2,1,4,6,4,149.0
1,4,2,4,6,4,279.0
1,3,2,4,6,5,87.0
1,2,1,4,6,5,195.0
1,2,1,3,2,2,59.0
1,2,1,3,6,2,31.0
1,3,2,4,6,4,139.0
1,2,1,4,6,4,172.0
1,2,1,4,6,4,244.0
1,2,1,4,6,4,259.0
2,4,2,4,3,4,139.0
3,8,4,4,3,4,191.0
1,4,1,4,6,4,176.0
1,2,1,4,6,5,200.0
3,6,4,4,3,4,1272.0
1,1,1,1,4,1,35.0
1,2,1,3,4,2,104.0
1,1,1,3,5,2,70.0
1,2,1,3,3,2,41.0
1,2,1,3,5,2,79.0
1,2,1,3,5,2,79.0
1,2,1,3,6,2,63.0
5,10,5,4,3,5,774.0
3,6,3,4,6,5,300.0
1,2,1,4,6,5,575.0
1,2,1,4,6,5,278.0
2,4,2,4,6,4,253.0
1,2,1,4,6,4,298.0
1,2,2,3,4,2,70.0
1,2,2,3,4,2,60.0
2,5,3,4,6,4,287.0
1,4,2,4,6,4,121.0
1,2,1,4,6,4,160.0
1,2,1,4,6,4,160.0
1,2,1,4,6,4,166.0
2,3,2,3,4,2,293.0
1,2,1,3,2,2,50.0
2,4,2,4,6,4,436.0
1,2,1,3,5,2,140.0
1,3,2,3,6,2,100.0
2,4,2,4,3,4,325.0
3,6,3,4,3,5,332.0
1,3,1,4,6,4,306.0
3,6,5,4,6,5,209.0
1,4,2,4,6,4,330.0
2,4,2,4,6,4,177.0
2,6,3,4,3,4,394.0
1,3,1,4,6,4,170.0
3,6,4,4,3,4,198.0
2,4,2,4,6,4,138.0
1,2,2,4,6,4,159.0
1,4,2,4,6,4,203.0
1,2,1,4,6,4,63.0
1,2,1,4,6,4,74.0
3,4,3,4,3,4,270.0
1,2,1,4,6,4,107.0
2,5,3,4,3,4,180.0
2,4,3,4,3,4,330.0
4,13,5,4,3,5,228.0
1,2,1,4,6,4,246.0
1,3,1,4,6,4,266.0
2,5,2,4,3,4,439.0
1,2,1,4,6,4,135.0
3,5,3,4,3,5,536.0
1,2,1,4,6,4,99.0
1,1,1,3,4,2,40.0
2,3,2,4,3,5,120.0
1,2,1,3,5,2,50.0
1,2,1,3,5,2,138.0
1,2,1,3,3,2,42.0
1,2,1,3,3,2,42.0
1,2,1,3,3,2,42.0
1,1,1,3,3,2,41.0
1,2,1,4,6,4,134.0
1,1,1,3,4,2,44.0
1,4,2,3,3,2,56.0
1,3,2,4,6,4,302.0
1,2,1,3,4,2,120.0
1,2,1,4,6,4,200.0
2,4,2,4,6,4,300.0
1,1,1,3,6,2,49.0
2,4,2,4,3,4,233.0
1,2,1,4,6,4,239.0
1,2,1,4,6,4,117.0
1,4,1,4,6,4,119.0
2,4,2,4,6,5,190.0
2,4,2,4,6,4,524.0
2,4,2,4,6,4,245.0
4,8,5,4,3,5,1669.0
1,4,2,4,6,4,175.0
2,5,2,4,3,4,133.0
3,7,3,4,3,4,212.0
1,2,2,3,5,3,113.0
4,8,6,4,3,4,771.0
1,2,1,4,6,4,135.0
1,4,2,4,6,4,150.0
1,2,1,4,1,5,99.0
2,4,2,4,6,5,400.0
2,5,3,4,3,4,140.0
2,6,3,4,3,4,349.0
2,4,2,4,6,4,261.0
1,2,1,4,6,4,158.0
1,2,1,3,5,4,55.0
2,4,4,4,3,4,178.0
2,4,3,4,3,4,229.0
4,8,5,4,3,5,225.0
1,2,1,3,5,2,70.0
1,1,1,3,4,2,30.0
1,2,1,4,6,4,101.0
2,4,3,4,3,4,141.0
1,1,1,3,6,2,43.0
1,2,1,4,6,4,213.0
2,5,2,4,3,4,384.0
3,6,3,4,6,5,379.0
2,4,4,4,6,4,144.0
2,4,2,4,6,5,923.0
1,3,2,4,6,4,150.0
1,2,2,4,6,5,250.0
1,2,1,4,6,4,260.0
5,12,5,4,3,5,280.0
1,2,2,4,6,4,235.0
5,10,8,4,3,5,2517.0
1,2,1,4,6,4,65.0
3,6,2,4,3,4,306.0
1,2,1,3,5,2,120.0
2,4,2,4,6,4,321.0
2,6,3,3,5,2,116.0
1,2,1,4,6,4,91.0
3,8,4,4,6,5,180.0
2,4,2,4,6,5,264.0
2,2,2,4,3,4,130.0
1,4,2,4,6,4,393.0
1,4,1,4,6,4,199.0
1,2,1,4,6,5,150.0
1,2,1,4,6,4,134.0
1,2,1,4,6,4,183.0
2,4,2,4,3,4,196.0
1,2,1,4,6,4,174.0
5,13,8,4,3,5,923.0
2,4,2,4,6,4,157.0
2,4,2,4,3,4,184.0
2,4,2,4,6,4,164.0
2,4,2,4,3,4,243.0
2,4,2,4,6,4,110.0
2,4,2,4,3,4,300.0
2,4,2,4,6,5,125.0
3,5,3,4,3,4,177.0
3,7,5,4,6,5,119.0
1,2,1,4,6,4,155.0
2,4,3,4,6,4,215.0
1,2,1,3,4,2,96.0
1,2,1,3,6,2,86.0
1,2,1,3,6,2,76.0
1,4,2,3,6,2,86.0
1,2,1,3,6,2,76.0
1,2,1,3,6,2,72.0
1,1,1,4,6,4,120.0
1,3,2,4,6,3,106.0
1,4,2,4,6,4,260.0
1,2,1,3,6,2,86.0
1,2,1,4,6,4,180.0
5,9,6,4,3,5,949.0
1,2,1,4,6,4,185.0
4,12,8,3,1,3,1476.0
4,11,8,4,3,5,599.0
1,2,1,4,6,4,98.0
2,4,2,4,3,4,227.0
1,2,1,4,6,4,160.0
3,7,4,4,6,5,169.0
2,4,2,4,3,4,135.0
2,6,2,4,6,4,115.0
2,6,2,4,6,4,115.0
2,6,2,4,6,4,115.0
1,2,1,3,6,2,56.0
3,6,3,4,3,5,399.0
2,4,2,4,6,4,217.0
1,3,2,4,6,5,193.0
1,2,1,4,6,5,114.0
3,5,3,4,3,5,457.0
1,2,1,3,3,2,68.0
1,4,2,3,3,2,80.0
1,2,1,4,6,4,180.0
1,2,1,4,6,4,130.0
1,4,2,4,6,5,127.0
3,7,4,4,3,4,369.0
2,4,6,4,6,5,110.0
1,2,1,4,6,4,300.0
1,2,1,4,6,5,68.0
1,3,2,3,6,3,364.0
1,4,3,3,6,3,364.0
2,4,2,4,3,4,200.0
1,2,1,4,6,5,229.0
3,6,3,4,6,4,318.0
2,5,3,4,6,4,163.0
1,2,1,4,6,4,219.0
2,4,2,4,6,4,179.0
1,2,1,3,4,2,30.0
2,5,2,4,6,5,149.0
1,2,2,4,6,4,125.0
2,4,2,4,6,4,118.0
3,6,6,4,6,4,195.0
3,6,3,4,3,4,335.0
1,2,1,4,6,4,100.0
1,2,2,4,3,4,340.0
3,6,3,4,3,5,209.0
1,2,1,4,6,4,197.0
3,5,3,4,6,4,109.0
3,6,3,4,6,5,103.0
2,4,2,4,3,4,164.0
2,4,2,4,3,4,571.0
1,4,1,4,6,4,90.0
1,2,1,4,6,4,144.0
1,2,1,4,6,4,250.0
1,2,1,3,2,2,85.0
1,2,1,3,3,2,222.0
2,4,3,4,6,4,96.0
1,3,1,4,6,4,182.0
1,3,1,4,6,4,174.0
2,6,3,4,3,4,162.0
2,6,3,4,3,4,357.0
1,3,2,4,6,4,139.0
1,2,1,4,6,4,202.0
2,4,2,4,3,4,398.0
1,3,1,4,6,4,113.0
1,2,1,4,6,4,525.0
3,6,3,4,3,4,283.0
3,6,4,4,6,4,151.0
2,6,4,4,3,4,148.0
1,4,2,4,6,4,106.0
3,4,2,4,6,5,134.0
3,7,4,4,6,5,178.0
3,6,4,4,6,4,512.0
3,6,3,4,6,5,385.0
2,4,2,4,6,4,164.0
2,4,2,4,6,5,350.0
2,4,2,4,6,4,210.0
2,4,2,4,6,4,111.0
4,10,5,4,3,5,442.0
2,4,3,4,3,4,149.0
1,2,1,4,6,4,166.0
2,4,2,4,6,5,287.0
2,4,2,4,6,5,71.0
4,8,5,4,3,4,171.0
4,9,6,4,3,4,161.0
1,4,1,4,6,4,129.0
1,3,1,4,6,4,229.0
2,4,2,4,3,4,462.0
2,6,2,4,3,4,335.0
2,4,2,4,6,5,218.0
2,4,2,4,6,4,283.0
2,4,3,4,6,4,274.0
3,7,3,4,3,5,510.0
1,2,1,4,6,4,109.0
1,4,2,4,6,4,177.0
1,2,1,4,6,4,254.0
1,2,1,4,6,4,192.0
2,6,4,4,6,4,440.0
3,6,3,4,6,4,500.0
2,4,3,4,3,4,217.0
3,6,4,4,6,5,314.0
1,4,2,4,6,5,80.0
2,5,3,4,6,4,400.0
3,7,6,4,3,5,314.0
3,6,5,4,6,5,336.0
2,4,2,4,3,4,463.0
1,2,1,4,6,6,920.0
1,2,2,3,4,2,96.0
1,2,2,4,6,4,179.0
11,16,22,4,3,4,1015.0
2,4,2,4,6,5,290.0
4,8,6,4,3,5,725.0
1,4,2,4,6,4,296.0
1,2,1,4,6,5,235.0
5,14,7,4,3,5,580.0
1,2,1,4,6,4,100.0
1,2,1,4,6,4,185.0
1,2,1,3,5,2,130.0
2,4,2,4,6,4,450.0
2,4,2,4,6,4,168.0
1,2,1,4,6,4,90.0
2,4,2,4,6,4,196.0
1,2,2,4,6,4,137.0
3,8,4,4,3,5,557.0
4,8,5,4,3,5,497.0
2,4,2,4,3,4,186.0
2,5,3,4,6,5,159.0
2,4,2,4,3,4,176.0
2,4,2,4,6,4,321.0
1,2,1,4,6,4,113.0
4,8,6,4,3,5,475.0
1,3,1,4,6,4,182.0
1,2,1,4,6,4,140.0
1,2,1,4,6,5,208.0
2,4,2,4,6,4,268.0
1,2,1,3,5,2,69.0
1,2,1,4,6,5,111.0
2,4,2,4,3,4,199.0
3,6,3,4,3,5,700.0
1,2,2,3,5,2,70.0
1,2,1,4,6,4,139.0
3,6,3,4,3,5,843.0
1,2,1,4,6,4,117.0
3,7,5,4,3,5,240.0
2,4,2,4,6,4,314.0
1,2,2,3,5,2,91.0
4,10,6,4,3,5,600.0
3,6,5,4,6,5,227.0
2,5,3,4,6,4,274.0
2,6,2,4,6,4,507.0
2,4,2,4,3,4,748.0
4,10,6,4,3,4,326.0
4,8,4,4,3,5,255.0
4,7,4,4,3,5,765.0
1,2,1,4,6,4,186.0
1,2,1,4,6,4,99.0
2,5,4,4,6,5,100.0
1,2,1,4,6,4,102.0
2,4,2,4,3,4,164.0
1,3,1,4,6,5,374.0
2,5,4,4,6,4,106.0
1,3,1,4,6,4,160.0
1,2,1,4,6,4,110.0
1,4,2,4,6,4,137.0
1,1,1,3,4,2,79.0
1,2,2,4,6,4,97.0
2,4,2,4,6,4,219.0
2,6,4,4,3,4,258.0
1,1,1,3,4,2,86.0
3,6,5,4,3,5,549.0
2,4,2,4,6,4,251.0
1,4,2,4,6,4,333.0
2,4,2,4,6,5,170.0
2,4,3,4,6,4,142.0
1,2,1,4,6,4,269.0
5,10,6,4,3,5,230.0
3,6,4,4,3,5,483.0
1,2,1,4,6,4,206.0
1,2,1,4,6,4,168.0
2,4,2,4,6,5,329.0
3,6,3,4,3,5,649.0
2,4,2,4,3,4,359.0
5,8,6,4,3,5,921.0
2,4,2,3,5,2,230.0
1,2,1,3,4,2,52.0
2,5,3,4,3,4,159.0
1,2,1,4,4,2,49.0
7,14,8,4,3,5,313.0
1,3,2,4,6,4,200.0
2,4,2,4,6,4,181.0
1,2,1,3,6,2,41.0
2,4,3,4,6,4,144.0
2,4,3,4,6,4,191.0
1,2,2,4,6,4,85.0
2,6,2,4,3,4,269.0
2,5,3,4,3,4,257.0
1,2,1,4,6,5,105.0
2,3,2,4,6,4,214.0
1,2,2,4,6,5,195.0
5,10,5,4,3,5,1200.0
1,1,1,3,4,2,85.0
2,4,3,4,6,4,320.0
1,2,1,3,4,2,55.0
1,3,2,4,6,4,150.0
1,4,1,4,6,4,236.0
3,6,3,4,3,4,249.0
1,2,1,3,4,2,55.0
1,4,1,4,6,5,165.0
2,4,2,4,3,4,472.0
5,12,9,4,3,5,865.0
2,5,3,4,6,4,95.0
1,2,1,4,6,5,100.0
5,12,7,4,3,5,359.0
1,2,2,3,1,2,78.0
1,2,1,4,6,5,89.0
3,6,3,4,3,4,179.0
2,4,2,4,3,4,228.0
1,2,1,3,5,2,126.0
2,4,2,4,6,4,700.0
2,4,2,4,6,5,89.0
1,2,1,4,6,4,100.0
1,3,2,4,6,3,105.0
3,6,3,4,3,5,378.0
1,2,1,4,6,5,116.0
1,2,1,3,4,2,109.0
2,4,3,4,3,4,229.0
1,2,2,3,4,2,53.0
3,6,3,4,3,5,420.0
2,4,2,4,6,4,214.0
1,2,1,4,6,5,300.0
2,4,2,4,6,4,199.0
1,4,1,4,6,4,75.0
1,2,1,3,6,2,55.0
1,2,1,4,6,5,89.0
2,4,3,4,6,4,350.0
2,4,2,4,3,5,280.0
2,4,2,4,3,4,100.0
1,2,1,3,4,2,50.0
3,6,4,4,6,4,315.0
4,8,4,4,3,5,548.0
1,1,1,4,6,5,40.0
2,4,2,4,3,4,150.0
2,5,3,4,3,4,250.0
1,2,1,3,4,2,65.0
2,2,1,4,3,4,110.0
1,2,1,4,6,4,150.0
3,6,3,4,3,5,380.0
2,4,2,4,6,4,84.0
1,1,1,3,4,2,60.0
1,2,3,3,2,2,59.0
1,2,1,4,6,4,150.0
1,2,1,4,6,4,148.0
1,2,2,3,4,2,44.0
1,2,1,3,4,2,105.0
3,4,3,4,3,5,650.0
4,7,5,4,3,5,1035.0
4,7,4,4,6,5,850.0
1,2,1,4,6,4,227.0
1,1,1,3,3,2,30.0
1,1,1,3,5,2,55.0
1,2,1,3,2,2,79.0
1,2,1,3,6,2,82.0
1,1,1,3,2,2,124.0
1,2,1,3,5,2,70.0
1,1,1,3,3,2,250.0
1,2,1,4,6,4,213.0
1,2,1,3,4,2,40.0
2,4,1,3,5,2,120.0
3,6,4,4,6,5,400.0
1,3,2,4,6,4,160.0
1,2,1,3,1,2,80.0
1,2,1,3,5,2,59.0
1,2,1,3,6,2,130.0
1,2,2,4,6,4,85.0
1,2,2,3,4,2,88.0
1,2,1,3,3,2,65.0
3,5,3,4,6,4,156.0
2,5,2,4,6,4,500.0
1,2,1,4,6,5,133.0
1,2,1,3,5,2,20.0
3,6,3,4,3,4,129.0
2,4,3,4,6,5,180.0
1,2,1,4,6,4,85.0
2,4,2,4,6,4,300.0
3,6,3,4,6,5,129.0
2,4,2,4,6,4,414.0
4,9,5,4,3,5,705.0
1,2,1,3,3,2,100.0
1,2,1,4,6,4,180.0
1,3,2,3,4,2,45.0
1,2,1,4,6,4,250.0
1,2,1,4,6,4,350.0
1,2,1,3,4,4,47.0
3,6,4,4,3,5,200.0
1,1,1,3,4,2,35.0
2,4,3,4,3,4,535.0
3,6,3,4,3,4,120.0
2,3,2,3,4,2,250.0
3,5,4,4,3,5,500.0
1,1,1,3,2,2,45.0
1,2,1,4,6,5,80.0
2,4,3,4,6,4,150.0
1,2,2,3,4,2,70.0
4,6,2,4,3,5,400.0
2,4,2,4,6,4,280.0
1,3,1,3,4,2,70.0
1,1,1,3,6,2,200.0
2,2,1,3,4,2,61.0
1,1,1,3,4,2,47.0
1,2,1,4,6,4,144.0
2,5,2,4,6,4,202.0
1,3,1,4,6,4,120.0
1,2,1,4,6,5,116.0
1,2,1,4,6,4,150.0
1,2,1,3,4,2,260.0
1,3,1,4,6,4,70.0
1,2,1,3,4,2,100.0
1,2,1,3,6,2,85.0
3,6,4,4,3,5,895.0
2,5,3,4,3,4,150.0
4,8,4,4,3,5,1200.0
2,4,3,4,6,4,246.0
1,2,1,3,4,2,76.0
3,5,3,4,3,5,175.0
2,4,2,4,6,4,400.0
1,2,1,4,6,4,120.0
1,2,1,4,6,4,125.0
2,4,2,4,3,4,167.0
1,2,1,4,6,4,213.0
1,4,2,3,5,2,45.0
3,6,4,4,3,4,975.0
1,2,3,3,4,2,300.0
4,7,5,4,3,4,300.0
2,4,2,4,6,4,150.0
4,6,4,4,3,5,1000.0
2,4,1,4,6,4,88.0
2,4,2,4,3,4,170.0
1,2,1,3,2,2,50.0
3,6,4,4,3,5,550.0
2,4,2,4,6,4,500.0
2,3,2,4,6,5,125.0
3,6,4,4,3,5,514.0
1,2,1,3,4,2,45.0
3,6,3,4,6,4,900.0
1,2,1,4,6,4,100.0
2,4,2,4,3,4,275.0
1,2,1,3,4,2,59.0
2,4,2,4,3,4,535.0
3,6,3,4,6,4,496.0
1,2,1,4,6,5,150.0
1,4,2,3,6,2,64.0
1,3,1,4,6,4,140.0
1,1,1,3,4,2,42.0
1,1,1,3,6,2,75.0
1,2,1,3,6,2,100.0
1,2,1,3,6,2,55.0
1,2,1,3,3,2,145.0
3,6,3,4,6,5,245.0
1,2,1,4,6,4,90.0
1,2,1,3,5,4,75.0
3,6,4,4,6,4,245.0
1,2,1,3,4,2,55.0
1,2,1,3,4,2,54.0
1,3,1,4,6,4,130.0
2,4,2,4,6,4,250.0
5,11,5,4,3,5,850.0
2,4,2,4,6,4,220.0
1,2,2,4,6,4,160.0
1,2,1,4,6,4,176.0
3,6,3,4,3,5,500.0
2,6,2,4,3,4,161.0
3,6,3,4,3,4,250.0
5,8,6,4,3,5,650.0
1,1,1,2,5,3,180.0
3,4,3,4,6,5,125.0
2,4,2,4,3,4,100.0
1,2,1,4,6,4,107.0
1,2,1,4,6,4,150.0
1,2,1,4,6,4,230.0
2,4,2,4,6,4,253.0
2,4,3,4,6,4,190.0
2,4,2,4,6,4,200.0
2,4,2,4,6,4,250.0
1,2,1,3,2,2,70.0
1,1,1,3,2,2,44.0
1,3,1,4,6,4,155.0
1,1,1,3,1,2,50.0
1,2,1,4,6,4,100.0
1,2,1,4,6,4,150.0
5,8,6,4,3,5,2495.0
1,2,1,3,5,2,210.0
1,2,1,3,4,2,35.0
1,2,1,4,6,4,160.0
2,4,2,4,6,4,250.0
1,2,1,4,6,4,177.0
1,1,1,3,5,2,65.0
2,4,3,4,6,5,450.0
2,2,1,4,6,4,50.0
1,3,2,2,5,3,280.0
1,4,1,4,6,4,200.0
3,4,3,4,6,5,280.0
1,2,2,4,6,4,150.0
1,1,1,3,4,2,60.0
1,2,1,3,6,2,100.0
1,2,1,4,6,4,180.0
2,4,2,4,6,4,188.0
1,3,1,4,6,4,129.0
1,1,1,3,5,2,65.0
2,4,2,4,3,4,250.0
1,2,2,4,6,5,140.0
1,2,2,4,6,4,90.0
1,2,1,3,5,2,60.0
1,2,1,3,6,2,48.0
2,6,3,4,3,4,109.0
1,2,1,3,5,2,70.0
2,5,3,4,6,4,300.0
1,1,1,3,4,2,39.0
1,2,1,3,4,2,81.0
1,2,1,3,6,2,65.0
1,1,1,3,5,2,78.0
1,1,1,3,4,2,41.0
1,3,1,4,6,4,150.0
1,2,1,4,6,4,119.0
3,6,5,4,3,5,135.0
1,1,1,3,4,2,130.0
2,4,3,4,3,4,361.0
1,3,2,4,6,5,175.0
1,2,1,3,6,2,80.0
1,1,1,3,6,2,45.0
1,1,1,3,4,2,42.0
1,2,2,3,5,2,50.0
1,1,1,3,4,2,150.0
1,4,2,4,6,4,170.0
1,3,1,4,6,4,150.0
1,2,2,4,6,4,233.0
1,2,1,4,6,4,2000.0
2,5,2,4,6,4,109.0
2,4,2,4,6,4,690.0
1,2,1,4,6,4,98.0
2,4,2,4,6,4,220.0
1,2,1,3,5,2,46.0
2,6,4,4,6,5,249.0
1,1,2,3,4,2,35.0
2,4,3,4,6,4,93.0
1,1,1,3,4,2,40.0
1,2,1,3,3,2,75.0
1,2,1,3,4,2,45.0
1,2,1,4,6,4,80.0
1,2,1,4,6,4,170.0
1,2,1,4,6,4,175.0
1,2,1,3,4,2,88.0
1,2,1,4,6,4,89.0
1,2,1,3,4,2,58.0
1,2,1,4,6,4,160.0
2,4,2,4,6,4,170.0
2,4,2,4,6,5,208.0
1,2,1,4,6,4,120.0
1,2,1,4,6,4,99.0
1,2,2,4,4,2,35.0
1,1,1,3,1,2,35.0
1,2,4,1,2,1,45.0
1,2,1,4,6,4,130.0
1,2,1,3,3,2,209.0
1,2,2,3,5,2,40.0
2,4,4,3,5,2,38.0
1,2,1,3,5,2,79.0
3,6,4,4,3,4,615.0
4,8,5,3,2,2,250.0
2,4,2,4,6,4,220.0
1,2,1,4,6,4,280.0
1,2,1,3,4,2,38.0
1,2,1,3,5,2,43.0
1,2,1,3,4,2,55.0
2,4,2,4,6,4,250.0
1,2,1,4,6,4,300.0
1,2,1,3,4,2,120.0
1,1,1,1,2,1,35.0
1,2,1,4,6,4,95.0
1,4,1,4,6,4,127.0
1,2,1,3,6,2,153.0
1,4,1,4,6,4,89.0
1,2,2,4,6,4,120.0
1,2,1,4,6,4,209.0
1,2,1,4,6,4,220.0
1,2,1,3,4,2,35.0
1,3,1,4,6,4,70.0
1,2,1,3,5,2,45.0
4,8,5,4,3,5,471.0
1,2,1,3,4,2,40.0
1,2,1,3,4,2,40.0
1,2,1,4,6,4,114.0
1,1,2,1,4,1,45.0
1,2,2,4,6,4,119.0
2,4,2,4,3,4,130.0
2,5,3,4,6,4,187.0
1,2,2,4,6,5,100.0
1,2,2,4,6,5,350.0
1,2,1,4,6,4,120.0
2,4,2,4,6,4,199.0
1,2,1,3,6,2,45.0
1,2,1,3,5,2,65.0
1,2,1,3,4,2,63.0
1,2,1,3,4,2,80.0
1,1,1,3,4,2,56.0
1,2,1,3,5,2,70.0
1,1,12,1,4,1,36.0
3,8,5,4,3,5,385.0
2,4,2,4,6,4,101.0
1,2,1,3,4,2,60.0
3,10,5,4,6,5,260.0
1,2,1,4,6,4,131.0
2,5,3,4,6,4,148.0
3,5,3,4,3,4,314.0
1,2,1,3,5,2,120.0
1,2,1,4,6,4,153.0
2,5,3,4,6,4,215.0
1,2,1,4,6,4,60.0
1,2,1,4,6,4,189.0
1,2,1,3,5,2,60.0
3,8,5,4,3,5,730.0
4,8,4,4,6,5,250.0
2,4,2,4,6,5,299.0
1,2,1,3,2,2,73.0
1,2,1,4,6,4,99.0
1,2,1,3,6,2,50.0
1,2,1,3,4,2,50.0
1,2,1,4,6,4,100.0
1,2,1,3,5,2,102.0
1,2,1,4,6,4,175.0
2,4,3,4,6,4,300.0
1,2,1,3,4,2,45.0
1,2,1,3,4,2,39.0
1,3,1,4,6,4,310.0
1,2,1,3,6,2,65.0
1,2,1,3,3,2,42.0
2,4,3,4,3,4,105.0
1,1,1,3,4,2,55.0
1,1,1,3,6,2,30.0
1,2,1,4,6,4,150.0
2,4,2,4,6,5,620.0
1,2,1,4,6,4,78.0
1,3,1,4,6,4,190.0
1,1,1,4,6,4,75.0
1,2,1,4,6,4,160.0
2,5,2,4,6,4,423.0
2,4,3,3,5,3,317.0
1,2,1,4,6,4,128.0
1,3,2,4,6,5,70.0
1,2,1,4,6,4,172.0
1,2,1,3,5,2,125.0
1,2,1,4,6,4,260.0
1,1,1,4,6,5,29.0
1,1,1,3,6,2,59.0
5,10,6,4,3,5,1750.0
1,2,1,3,4,2,70.0
4,8,4,4,3,5,520.0
1,2,1,3,4,2,60.0
1,1,1,3,4,2,65.0
2,4,2,4,6,4,200.0
1,2,1,3,6,2,90.0
1,2,1,3,5,2,57.0
3,8,4,4,3,5,450.0
1,2,1,3,5,2,50.0
1,2,1,4,6,4,250.0
1,2,1,4,6,4,162.0
1,1,1,3,4,2,48.0
2,4,2,4,3,5,235.0
1,2,1,3,5,2,95.0
1,2,1,3,6,2,100.0
1,2,2,3,2,2,55.0
2,4,2,4,6,4,336.0
1,1,1,3,5,2,78.0
1,2,1,3,6,2,50.0
2,1,2,3,4,2,40.0
2,6,3,4,6,4,283.0
1,2,1,3,4,2,150.0
2,4,2,4,6,4,180.0
1,2,1,3,4,2,60.0
1,2,1,3,4,2,145.0
1,2,1,3,5,2,100.0
1,2,1,3,3,2,58.0
1,2,1,3,3,2,54.0
2,2,1,3,4,2,110.0
1,2,1,1,2,1,100.0
1,2,1,4,6,4,157.0
1,2,1,3,2,2,56.0
1,4,2,4,6,4,351.0
4,8,5,4,3,5,2000.0
2,4,2,4,6,5,165.0
1,2,1,4,6,4,80.0
1,3,1,4,6,5,148.0
1,2,1,3,5,2,48.0
1,1,1,3,4,2,74.0
1,2,1,3,6,2,150.0
2,4,2,4,6,4,250.0
1,2,1,3,4,2,57.0
1,2,1,4,6,4,119.0
2,4,2,4,6,5,150.0
1,2,1,4,6,4,364.0
1,2,1,3,2,2,80.0
2,4,4,4,6,4,160.0
2,5,3,4,6,4,179.0
4,8,4,4,3,5,800.0
1,2,1,4,6,4,600.0
2,6,3,4,3,4,128.0
1,2,1,3,5,2,88.0
2,4,2,4,6,5,185.0
2,4,2,4,6,4,308.0
2,6,7,4,3,5,295.0
1,2,1,4,6,4,110.0
1,2,1,4,6,4,180.0
1,4,2,4,6,4,150.0
1,3,1,4,6,4,120.0
1,4,1,4,6,4,150.0
1,3,2,4,6,4,86.0
2,4,2,4,6,4,45.0
2,4,2,4,6,4,219.0
1,3,2,4,6,5,80.0
5,16,7,4,3,5,1000.0
1,1,1,3,4,2,36.0
1,2,1,4,6,4,155.0
1,2,1,3,4,4,100.0
1,2,1,3,1,2,180.0
3,5,3,4,3,5,220.0
2,4,2,4,3,4,210.0
4,8,5,4,3,5,452.0
2,6,3,4,3,4,250.0
1,3,2,4,6,4,98.0
1,1,1,3,4,2,36.0
2,4,2,4,6,4,300.0
1,1,1,3,4,2,35.0
3,5,5,4,6,4,118.0
1,2,1,3,3,2,178.0
1,2,1,4,6,4,116.0
2,4,2,4,6,4,180.0
3,6,3,4,6,5,686.0
2,4,2,4,6,5,190.0
2,4,2,4,6,4,199.0
1,2,1,1,4,1,25.0
4,7,5,4,3,5,1250.0
1,4,2,4,6,4,100.0
2,4,2,4,6,4,205.0
1,2,1,4,6,4,236.0
1,2,1,4,6,4,100.0
1,4,1,4,6,4,95.0
1,3,2,4,6,4,95.0
1,5,2,3,6,2,31.0
1,3,1,4,6,4,100.0
2,4,2,4,6,4,215.0
1,2,1,3,2,2,80.0
1,2,1,3,4,2,50.0
3,6,4,3,5,2,66.0
1,1,1,3,6,2,110.0
1,1,1,3,4,2,59.0
1,1,1,3,1,2,40.0
1,1,1,3,6,2,28.0
1,2,1,3,5,2,64.0
1,2,1,3,4,2,82.0
1,1,1,3,6,2,55.0
1,2,1,4,6,4,300.0
1,2,1,4,6,4,200.0
1,2,1,3,6,2,48.0
1,2,2,3,6,2,162.0
1,2,1,3,4,2,50.0
1,2,1,4,6,4,70.0
3,6,2,4,3,5,400.0
1,2,1,4,6,4,49.0
1,2,1,4,6,4,185.0
1,4,2,4,6,4,120.0
1,2,1,3,5,2,40.0
1,2,1,4,6,4,150.0
4,6,5,4,6,5,1350.0
4,8,4,4,3,5,800.0
1,1,2,4,6,4,110.0
2,3,3,4,6,4,750.0
2,4,2,4,6,4,175.0
1,2,1,4,3,4,250.0
1,4,2,3,6,2,85.0
2,4,4,4,6,4,240.0
1,2,1,3,4,2,89.0
3,6,3,4,6,4,120.0
1,2,1,4,6,4,65.0
3,8,4,4,6,5,180.0
1,2,1,4,6,4,99.0
2,4,2,4,6,4,400.0
1,2,2,3,2,2,103.0
1,2,1,3,4,2,55.0
1,2,2,4,6,4,123.0
1,3,1,3,5,2,84.0
3,6,3,4,3,4,799.0
1,2,1,3,5,2,100.0
1,2,1,4,6,4,90.0
1,2,1,3,5,2,95.0
1,2,1,3,6,3,327.0
3,5,3,4,6,4,307.0
1,2,1,4,6,4,171.0
2,4,2,4,3,4,260.0
3,6,6,4,6,5,220.0
2,8,5,4,6,4,200.0
3,7,4,4,6,4,299.0
3,5,2,4,3,5,600.0
4,6,5,4,3,5,700.0
1,2,1,3,4,2,66.0
1,2,1,3,2,2,90.0
1,2,1,4,6,5,139.0
1,4,1,4,6,4,400.0
1,2,1,4,6,4,320.0
1,2,1,4,6,4,145.0
4,6,6,4,3,5,585.0
2,4,2,4,6,5,150.0
5,10,5,4,3,5,550.0
1,1,1,3,4,2,60.0
1,2,1,4,6,5,100.0
3,6,2,4,3,4,700.0
1,2,2,3,4,2,85.0
1,2,1,3,4,2,80.0
1,2,4,4,6,5,70.0
1,2,3,3,2,2,59.0
1,2,1,3,6,2,60.0
1,2,1,3,4,2,64.0
1,2,1,3,2,2,45.0
2,4,2,4,6,4,326.0
2,4,2,4,6,5,430.0
1,2,1,4,6,4,104.0
2,6,3,4,3,4,98.0
4,6,4,4,3,5,1300.0
1,3,3,4,6,4,210.0
1,2,1,4,6,4,149.0
1,2,1,3,4,2,69.0
1,3,2,3,6,3,154.0
2,4,2,4,6,4,150.0
1,2,1,4,6,4,999.0
1,2,1,4,6,5,206.0
2,4,2,4,3,4,350.0
2,6,3,4,6,5,131.0
1,3,1,3,4,2,88.0
2,4,2,4,6,4,300.0
2,4,2,4,6,5,179.0
1,2,1,4,6,4,95.0
1,2,1,4,6,5,197.0
1,2,1,3,4,2,180.0
1,2,1,4,6,4,128.0
1,2,1,4,6,4,200.0
1,2,1,3,6,2,101.0
1,2,1,3,6,2,70.0
1,2,1,4,6,4,154.0
2,4,2,4,3,4,200.0
1,2,2,4,6,4,200.0
1,2,2,3,1,2,39.0
1,3,1,4,6,4,115.0
4,8,4,4,3,5,499.0
1,1,1,3,6,2,65.0
1,2,1,4,6,4,130.0
2,4,2,4,6,4,200.0
2,4,2,4,6,4,163.0
1,2,1,3,4,2,79.0
1,2,2,3,4,2,80.0
1,3,2,3,4,2,27.0
1,2,2,1,4,1,80.0
1,4,4,4,6,4,150.0
1,2,1,4,6,5,140.0
1,2,1,3,4,2,29.0
4,8,5,4,3,5,335.0
2,4,2,4,6,4,225.0
2,4,2,4,6,4,220.0
1,1,1,3,4,2,30.0
2,4,2,4,3,4,249.0
1,2,2,1,4,1,85.0
1,2,1,4,6,4,100.0
1,2,1,3,2,2,72.0
2,4,2,4,3,5,140.0
1,2,1,3,6,2,50.0
2,4,2,4,6,4,152.0
1,4,2,4,6,4,69.0
2,4,2,4,3,4,211.0
1,1,1,3,4,2,40.0
1,2,1,4,6,4,128.0
2,6,3,4,3,5,455.0
1,1,1,3,3,2,48.0
2,4,2,4,6,4,186.0
2,5,2,4,6,4,180.0
1,3,2,4,6,4,95.0
1,1,1,3,6,2,70.0
4,8,4,4,3,5,1040.0
2,4,2,4,3,4,99.0
1,1,1,3,4,2,80.0
3,6,4,4,3,5,300.0
1,2,2,3,4,2,50.0
1,2,1,3,4,2,69.0
1,2,1,4,6,4,189.0
3,6,3,4,3,4,999.0
4,7,4,4,3,5,950.0
1,2,1,4,6,4,214.0
1,2,1,4,6,4,105.0
1,2,1,3,4,2,80.0
1,1,12,1,4,1,36.0
2,5,1,3,4,2,125.0
2,6,2,4,6,4,250.0
1,2,2,3,6,2,35.0
2,4,2,4,6,5,800.0
1,3,3,3,2,2,32.0
1,2,1,3,4,2,42.0
1,4,3,4,6,4,120.0
2,5,2,4,6,4,165.0
1,2,1,4,6,4,133.0
4,8,4,4,3,5,457.0
2,4,2,4,6,4,190.0
3,9,4,4,3,5,220.0
3,6,3,4,3,5,600.0
3,5,3,4,6,4,350.0
1,2,1,3,4,2,89.0
1,1,2,3,4,2,50.0
1,2,1,4,6,4,160.0
1,1,3,1,4,1,40.0
1,2,1,4,6,4,95.0
1,1,1,3,4,2,40.0
1,2,2,4,6,4,350.0
3,6,2,4,3,5,375.0
4,9,5,4,3,5,520.0
1,2,1,3,4,2,273.0
1,2,2,3,5,2,80.0
1,2,1,4,6,4,135.0
1,2,1,3,5,2,70.0
1,3,1,4,6,4,72.0
1,2,1,3,4,2,21.0
1,4,2,4,6,4,164.0
4,8,2,4,3,5,3135.0
2,4,2,4,6,4,250.0
2,4,2,4,6,4,89.0
1,2,1,4,6,4,300.0
1,2,1,3,5,2,40.0
2,3,2,4,3,4,90.0
1,4,2,4,6,4,213.0
2,4,3,4,6,4,700.0
4,6,5,4,3,5,640.0
2,4,2,4,3,4,118.0
1,3,2,4,6,5,81.0
1,1,1,3,6,2,40.0
1,1,1,3,4,2,51.0
1,2,1,4,6,5,228.0
1,2,1,3,4,2,47.0
4,2,1,3,5,2,75.0
1,2,1,4,6,4,180.0
1,2,1,4,6,5,93.0
5,7,5,4,6,5,155.0
2,4,2,4,3,4,157.0
1,2,1,3,4,2,102.0
5,12,10,4,3,5,1250.0
1,2,1,4,6,4,200.0
2,5,2,4,3,4,115.0
1,2,1,3,4,2,35.0
1,2,1,4,6,4,130.0
1,2,1,4,6,4,71.0
5,10,6,4,3,5,320.0
1,4,2,4,6,4,100.0
1,2,1,4,6,4,80.0
1,2,1,3,5,2,53.0
1,1,1,3,5,2,90.0
2,3,2,4,6,5,67.0
1,1,1,3,4,2,60.0
1,2,1,3,5,4,70.0
3,5,3,4,6,4,550.0
2,4,1,4,6,4,130.0
1,2,1,3,3,2,60.0
2,4,3,4,6,4,200.0
1,3,2,4,6,4,80.0
1,2,1,3,2,2,47.0
3,6,3,4,3,4,204.0
1,5,3,4,6,4,110.0
1,2,1,4,3,4,200.0
1,1,12,1,4,1,35.0
2,4,2,4,6,4,250.0
1,2,2,3,4,2,99.0
1,2,1,4,6,4,120.0
1,2,1,3,4,2,55.0
1,1,1,3,6,2,189.0
1,2,1,3,6,2,89.0
1,2,1,3,6,2,78.0
1,4,3,4,6,4,175.0
1,2,1,4,6,4,137.0
3,6,3,4,3,5,220.0
4,5,2,4,3,5,1080.0
2,3,2,4,6,4,140.0
2,4,4,4,3,5,90.0
1,2,1,4,6,4,115.0
1,2,1,4,6,4,120.0
1,2,1,3,6,2,40.0
1,2,1,4,6,4,120.0
1,1,1,3,5,2,200.0
2,4,3,4,6,4,74.0
1,1,1,3,6,2,85.0
4,8,4,4,3,5,246.0
2,3,2,4,3,5,120.0
1,2,1,3,6,2,80.0
2,3,2,4,3,5,160.0
1,2,1,3,4,2,40.0
1,4,1,4,6,4,124.0
2,4,3,4,6,4,400.0
1,5,3,3,4,2,55.0
2,2,1,4,6,5,160.0
1,2,2,4,6,4,100.0
1,2,1,3,2,2,120.0
1,2,1,3,5,2,50.0
1,1,3,1,2,1,38.0
5,10,5,4,3,5,2844.0
2,4,2,4,3,4,86.0
2,5,4,4,3,5,1200.0
1,2,1,3,5,2,75.0
2,2,3,3,2,2,50.0
1,2,1,3,4,2,99.0
1,1,1,3,3,2,50.0
1,2,1,4,6,4,170.0
2,5,3,4,6,5,217.0
2,4,3,4,6,4,200.0
1,2,2,3,6,2,31.0
2,3,2,4,6,4,270.0
2,4,2,4,3,4,180.0
2,3,2,4,6,4,95.0
1,4,2,4,6,4,232.0
1,1,1,3,5,2,60.0
1,2,1,4,6,4,140.0
1,1,1,3,2,2,59.0
4,7,4,4,3,5,1101.0
2,5,2,4,6,4,90.0
2,2,1,4,6,4,180.0
2,10,5,4,3,4,270.0
1,2,1,4,6,4,128.0
1,2,1,4,6,4,149.0
1,1,2,1,4,1,60.0
2,4,2,4,3,4,187.0
4,8,6,4,3,5,250.0
1,1,2,1,4,1,29.0
3,6,4,4,3,4,1000.0
1,1,1,3,1,2,40.0
1,2,1,4,6,4,485.0
5,8,5,4,3,5,300.0
1,1,1,3,5,2,43.0
1,1,2,3,5,2,40.0
1,2,1,4,6,5,70.0
1,2,1,4,6,4,218.0
4,8,4,4,3,5,2122.0
1,3,3,3,2,2,169.0
1,2,1,3,6,2,60.0
2,8,2,4,6,4,300.0
1,2,1,3,4,2,75.0
1,2,1,4,6,5,104.0
1,2,1,3,6,2,91.0
2,4,2,4,3,4,249.0
1,2,1,4,6,4,110.0
1,2,1,3,4,2,60.0
1,2,1,3,4,2,45.0
2,4,3,4,6,4,200.0
3,6,4,4,6,4,228.0
2,2,1,4,6,4,100.0
2,4,2,4,3,4,109.0
1,1,2,3,5,2,150.0
1,2,1,3,3,2,80.0
1,2,1,3,5,2,85.0
1,2,2,3,3,2,64.0
4,8,5,4,3,5,4000.0
2,1,2,3,6,2,77.0
4,6,7,4,3,5,1000.0
1,4,2,4,6,4,100.0
1,2,1,3,4,2,95.0
2,4,3,4,6,4,90.0
2,4,2,4,6,4,250.0
2,6,4,4,6,4,197.0
3,4,3,4,6,5,295.0
1,2,1,4,6,5,151.0
2,7,2,4,3,4,345.0
1,1,1,3,4,2,35.0
3,6,5,4,6,5,350.0
1,2,1,4,6,4,88.0
1,2,1,4,6,4,160.0
3,6,3,4,3,5,364.0
1,2,1,4,6,4,105.0
1,1,1,4,6,4,60.0
2,4,2,3,4,2,350.0
3,6,4,4,6,5,360.0
1,3,2,4,6,4,170.0
1,4,1,4,6,4,100.0
2,4,2,4,6,5,150.0
2,4,2,4,3,4,200.0
2,4,2,4,6,4,200.0
1,2,1,4,6,4,129.0
2,7,2,4,3,4,85.0
1,2,1,4,6,4,85.0
3,2,3,4,3,5,180.0
1,2,1,4,6,4,80.0
2,4,2,4,3,4,190.0
1,1,1,3,4,2,55.0
1,2,1,3,6,2,45.0
3,2,1,4,3,5,255.0
3,6,3,4,6,4,258.0
1,1,1,3,4,2,75.0
